solid 
facet normal 0.30281293 -0.5007656 0.8108873
 outer loop
  vertex 1.4892227e-06 -12.492503 -5.4606465e-07
  vertex 2.0459867 -9.342503 1.18125
  vertex 1.6413344 -9.307301 1.3541
 endloop
endfacet
facet normal 0.8536555 -0.5007655 0.14319952
 outer loop
  vertex 1.5750015 -9.027502 2.7279801
  vertex 1.4892227e-06 -12.492503 -5.4606465e-07
  vertex 1.6413344 -9.307301 1.3541
 endloop
endfacet
facet normal 0.853656 -0.5007648 0.14319932
 outer loop
  vertex 1.6413344 -9.307301 1.3541
  vertex 1.7641836 -9.154029 1.1577449
  vertex 1.5750015 -9.027502 2.7279801
 endloop
endfacet
facet normal 0.35394406 0.6168883 0.702974
 outer loop
  vertex 1.6619705 -8.869517 0.9595383
  vertex 1.5251664 -8.838147 1.0008899
  vertex 1.7641836 -9.154029 1.1577449
 endloop
endfacet
facet normal 0.35394862 0.6168882 0.70297164
 outer loop
  vertex 1.7641836 -9.154029 1.1577449
  vertex 2.0459867 -9.342503 1.18125
  vertex 1.6619705 -8.869517 0.9595383
 endloop
endfacet
facet normal 0.35394597 0.61688477 0.7029761
 outer loop
  vertex 1.7641836 -9.154029 1.1577449
  vertex 1.6413344 -9.307301 1.3541
  vertex 2.0459867 -9.342503 1.18125
 endloop
endfacet
facet normal 0.85365546 -0.50076574 -0.1431992
 outer loop
  vertex 1.4892227e-06 -12.492503 -5.4606465e-07
  vertex 1.9933535 -9.307301 0.7443861
  vertex 2.0459867 -9.342503 1.18125
 endloop
endfacet
facet normal 0.7857652 0.6168886 0.044961285
 outer loop
  vertex 1.5750015 -9.027502 2.7279801
  vertex 1.7641836 -9.154029 1.1577449
  vertex 1.5251664 -8.838147 1.0008899
 endloop
endfacet
facet normal 0.78576654 0.6168869 0.044961076
 outer loop
  vertex 1.5251664 -8.838147 1.0008899
  vertex 1.1194372 -8.347292 1.356892
  vertex 1.5750015 -9.027502 2.7279801
 endloop
endfacet
facet normal 0.7857668 0.6168867 0.04496083
 outer loop
  vertex 1.1194372 -8.347292 1.356892
  vertex 1.0224602 -8.253944 1.7709512
  vertex 1.5750015 -9.027502 2.7279801
 endloop
endfacet
facet normal 0.7857663 0.6168873 -0.044961073
 outer loop
  vertex 1.6619705 -8.869517 0.9595383
  vertex 2.0459867 -9.342503 1.18125
  vertex 1.8847284 -9.154029 0.9489542
 endloop
endfacet
facet normal 0.785766 0.61688757 -0.044960603
 outer loop
  vertex 2.0459867 -9.342503 1.18125
  vertex 1.9933535 -9.307301 0.7443861
  vertex 1.8847284 -9.154029 0.9489542
 endloop
endfacet
facet normal 0.78576636 0.6168873 -0.044959676
 outer loop
  vertex 1.8847284 -9.154029 0.9489542
  vertex 1.6293806 -8.838147 0.8203868
  vertex 1.6619705 -8.869517 0.9595383
 endloop
endfacet
facet normal 0.5508429 -0.5007623 0.6676895
 outer loop
  vertex 3.150002 -9.027502 -3.9460463e-07
  vertex 1.8847284 -9.154029 0.9489542
  vertex 1.9933535 -9.307301 0.7443861
 endloop
endfacet
facet normal 0.55084234 -0.50076574 0.6676874
 outer loop
  vertex 1.9933535 -9.307301 0.7443861
  vertex 1.4892227e-06 -12.492503 -5.4606465e-07
  vertex 3.150002 -9.027502 -3.9460463e-07
 endloop
endfacet
facet normal 0.1431995 -0.5007656 0.85365546
 outer loop
  vertex 3.5463758 -6.4760013 2.0475004
  vertex 1.7603313 -6.8397393 2.1337333
  vertex 1.1194372 -8.347292 1.356892
 endloop
endfacet
facet normal 0.1431991 -0.50076514 0.8536558
 outer loop
  vertex 1.1194372 -8.347292 1.356892
  vertex 1.5251664 -8.838147 1.0008899
  vertex 3.5463758 -6.4760013 2.0475004
 endloop
endfacet
facet normal 0.14319935 -0.50076467 0.8536561
 outer loop
  vertex 3.5463758 -6.4760013 2.0475004
  vertex 1.5050693 -6.6404862 2.2934372
  vertex 1.7603313 -6.8397393 2.1337333
 endloop
endfacet
facet normal 0.14320321 -0.50076777 0.8536536
 outer loop
  vertex 1.5251664 -8.838147 1.0008899
  vertex 1.6619705 -8.869517 0.9595383
  vertex 3.5463758 -6.4760013 2.0475004
 endloop
endfacet
facet normal 0.8108872 -0.5007657 0.30281293
 outer loop
  vertex 1.7603313 -6.8397393 2.1337333
  vertex 1.5356262 -6.885502 2.6597815
  vertex 1.0224602 -8.253944 1.7709512
 endloop
endfacet
facet normal 0.8108871 -0.5007657 0.30281335
 outer loop
  vertex 1.0224602 -8.253944 1.7709512
  vertex 1.1194372 -8.347292 1.356892
  vertex 1.7603313 -6.8397393 2.1337333
 endloop
endfacet
facet normal 0.702973 0.61688775 0.35394707
 outer loop
  vertex 1.3520781 -6.4939322 2.3418663
  vertex 1.5356262 -6.885502 2.6597815
  vertex 1.5050693 -6.6404862 2.2934372
 endloop
endfacet
facet normal 0.70297545 0.61688584 0.35394558
 outer loop
  vertex 1.5356262 -6.885502 2.6597815
  vertex 1.7603313 -6.8397393 2.1337333
  vertex 1.5050693 -6.6404862 2.2934372
 endloop
endfacet
facet normal 0.7029729 0.61688733 0.3539479
 outer loop
  vertex 1.5050693 -6.6404862 2.2934372
  vertex 1.410346 -6.4497275 2.1490974
  vertex 1.3520781 -6.4939322 2.3418663
 endloop
endfacet
facet normal -0.14319988 -0.50076574 0.85365534
 outer loop
  vertex 0.9677033 -6.8397393 2.5913575
  vertex 0.61538625 -8.347292 1.647906
  vertex 1.0224602 -8.253944 1.7709512
 endloop
endfacet
facet normal -0.14320044 -0.50076574 0.8536552
 outer loop
  vertex 1.0224602 -8.253944 1.7709512
  vertex 1.5356262 -6.885502 2.6597815
  vertex 0.9677033 -6.8397393 2.5913575
 endloop
endfacet
facet normal -0.35394529 0.6168873 0.70297414
 outer loop
  vertex 1.5750015 -9.027502 2.7279801
  vertex 0.61538625 -8.347292 1.647906
  vertex 0.10421437 -8.838147 1.8212771
 endloop
endfacet
facet normal -0.35394666 0.61688614 0.7029746
 outer loop
  vertex 1.5750015 -9.027502 2.7279801
  vertex 1.0224602 -8.253944 1.7709512
  vertex 0.61538625 -8.347292 1.647906
 endloop
endfacet
facet normal -0.35394514 0.6168877 0.702974
 outer loop
  vertex 0.10421437 -8.838147 1.8212771
  vertex 0.120546214 -9.154029 2.106699
  vertex 1.5750015 -9.027502 2.7279801
 endloop
endfacet
facet normal -0.3028136 -0.500765 0.81088734
 outer loop
  vertex 1.5750015 -9.027502 2.7279801
  vertex 0.120546214 -9.154029 2.106699
  vertex 0.3520195 -9.307301 2.098486
 endloop
endfacet
facet normal -0.3028133 -0.5007656 0.8108871
 outer loop
  vertex 0.3520195 -9.307301 2.098486
  vertex 1.4892227e-06 -12.492503 -5.4606465e-07
  vertex 1.5750015 -9.027502 2.7279801
 endloop
endfacet
facet normal 0.4318193 0.6168872 0.6580138
 outer loop
  vertex 1.057329e-06 -8.869517 1.919077
  vertex 1.1137132e-06 -9.342503 2.3625002
  vertex 0.120546214 -9.154029 2.106699
 endloop
endfacet
facet normal 0.43182233 0.61688524 0.65801376
 outer loop
  vertex 1.1137132e-06 -9.342503 2.3625002
  vertex 0.3520195 -9.307301 2.098486
  vertex 0.120546214 -9.154029 2.106699
 endloop
endfacet
facet normal 0.43182236 0.6168872 0.65801185
 outer loop
  vertex 0.120546214 -9.154029 2.106699
  vertex 0.10421437 -8.838147 1.8212771
  vertex 1.057329e-06 -8.869517 1.919077
 endloop
endfacet
facet normal 0.550843 -0.5007653 0.6676871
 outer loop
  vertex 0.3520195 -9.307301 2.098486
  vertex 1.1137132e-06 -9.342503 2.3625002
  vertex 1.4892227e-06 -12.492503 -5.4606465e-07
 endloop
endfacet
facet normal -0.55084294 -0.50076544 0.66768706
 outer loop
  vertex 1.4892227e-06 -12.492503 -5.4606465e-07
  vertex 1.1137132e-06 -9.342503 2.3625002
  vertex -0.35201728 -9.307301 2.098486
 endloop
endfacet
facet normal 0.6676881 -0.5007652 0.550842
 outer loop
  vertex 7.719997e-07 -6.4760017 4.0950007
  vertex 0.10421437 -8.838147 1.8212771
  vertex 0.61538625 -8.347292 1.647906
 endloop
endfacet
facet normal 0.66768473 -0.50076735 0.550844
 outer loop
  vertex 7.719997e-07 -6.4760017 4.0950007
  vertex 1.057329e-06 -8.869517 1.919077
  vertex 0.10421437 -8.838147 1.8212771
 endloop
endfacet
facet normal 0.66768754 -0.5007656 0.55084217
 outer loop
  vertex 0.61538625 -8.347292 1.647906
  vertex 0.9677033 -6.8397393 2.5913575
  vertex 7.719997e-07 -6.4760017 4.0950007
 endloop
endfacet
facet normal 0.6676879 -0.50076514 0.5508423
 outer loop
  vertex 0.9677033 -6.8397393 2.5913575
  vertex 1.2336421 -6.6404862 2.4501462
  vertex 7.719997e-07 -6.4760017 4.0950007
 endloop
endfacet
facet normal -0.43182233 0.61688715 0.6580119
 outer loop
  vertex 1.057329e-06 -8.869517 1.919077
  vertex -0.10421227 -8.838147 1.8212771
  vertex -0.12054404 -9.154029 2.106699
 endloop
endfacet
facet normal -0.43181935 0.6168872 0.6580139
 outer loop
  vertex -0.12054404 -9.154029 2.106699
  vertex 1.1137132e-06 -9.342503 2.3625002
  vertex 1.057329e-06 -8.869517 1.919077
 endloop
endfacet
facet normal -0.43182233 0.6168851 0.65801376
 outer loop
  vertex -0.12054404 -9.154029 2.106699
  vertex -0.35201728 -9.307301 2.098486
  vertex 1.1137132e-06 -9.342503 2.3625002
 endloop
endfacet
facet normal -0.044958673 0.61688805 0.7857658
 outer loop
  vertex 1.3520781 -6.4939322 2.3418663
  vertex 1.1560011 -6.4497275 2.2959433
  vertex 1.2336421 -6.6404862 2.4501462
 endloop
endfacet
facet normal -0.044959083 0.6168882 0.7857656
 outer loop
  vertex 1.2336421 -6.6404862 2.4501462
  vertex 1.5356262 -6.885502 2.6597815
  vertex 1.3520781 -6.4939322 2.3418663
 endloop
endfacet
facet normal -0.044962216 0.61688584 0.7857673
 outer loop
  vertex 1.2336421 -6.6404862 2.4501462
  vertex 0.9677033 -6.8397393 2.5913575
  vertex 1.5356262 -6.885502 2.6597815
 endloop
endfacet
facet normal 0.30281332 -0.5007655 0.81088716
 outer loop
  vertex -1.5749993 -9.027502 2.7279801
  vertex 1.4892227e-06 -12.492503 -5.4606465e-07
  vertex -0.35201728 -9.307301 2.098486
 endloop
endfacet
facet normal 0.3028136 -0.500765 0.81088734
 outer loop
  vertex -0.35201728 -9.307301 2.098486
  vertex -0.12054404 -9.154029 2.106699
  vertex -1.5749993 -9.027502 2.7279801
 endloop
endfacet
facet normal 0.3539451 0.61688775 0.70297396
 outer loop
  vertex -1.5749993 -9.027502 2.7279801
  vertex -0.12054404 -9.154029 2.106699
  vertex -0.10421227 -8.838147 1.8212771
 endloop
endfacet
facet normal 0.35394529 0.61688733 0.70297414
 outer loop
  vertex -0.10421227 -8.838147 1.8212771
  vertex -0.6153842 -8.347292 1.647906
  vertex -1.5749993 -9.027502 2.7279801
 endloop
endfacet
facet normal 0.35394654 0.6168862 0.7029745
 outer loop
  vertex -0.6153842 -8.347292 1.647906
  vertex -1.0224583 -8.253944 1.7709512
  vertex -1.5749993 -9.027502 2.7279801
 endloop
endfacet
facet normal -0.6676875 -0.50076574 0.5508421
 outer loop
  vertex 7.719997e-07 -6.4760017 4.0950007
  vertex -0.9677016 -6.8397393 2.5913575
  vertex -0.6153842 -8.347292 1.647906
 endloop
endfacet
facet normal -0.667688 -0.50076526 0.55084187
 outer loop
  vertex -0.6153842 -8.347292 1.647906
  vertex -0.10421227 -8.838147 1.8212771
  vertex 7.719997e-07 -6.4760017 4.0950007
 endloop
endfacet
facet normal -0.6676875 -0.5007658 0.55084217
 outer loop
  vertex 7.719997e-07 -6.4760017 4.0950007
  vertex -1.2336404 -6.6404867 2.4501462
  vertex -0.9677016 -6.8397393 2.5913575
 endloop
endfacet
facet normal -0.6676847 -0.50076747 0.550844
 outer loop
  vertex -0.10421227 -8.838147 1.8212771
  vertex 1.057329e-06 -8.869517 1.919077
  vertex 7.719997e-07 -6.4760017 4.0950007
 endloop
endfacet
facet normal 0.65801203 0.616888 0.4318208
 outer loop
  vertex 7.719997e-07 -6.4760017 4.0950007
  vertex 1.2336421 -6.6404862 2.4501462
  vertex 1.1560011 -6.4497275 2.2959433
 endloop
endfacet
facet normal 0.65801275 0.6168871 0.43182123
 outer loop
  vertex 1.1560011 -6.4497275 2.2959433
  vertex 0.41006586 -5.758068 2.4445212
  vertex 7.719997e-07 -6.4760017 4.0950007
 endloop
endfacet
facet normal 0.65801173 0.61688805 0.43182138
 outer loop
  vertex 0.41006586 -5.758068 2.4445212
  vertex 6.707353e-07 -5.6265345 2.8814754
  vertex 7.719997e-07 -6.4760017 4.0950007
 endloop
endfacet
facet normal 0.14320084 -0.5007657 0.8536552
 outer loop
  vertex -0.9677016 -6.8397393 2.5913575
  vertex -1.5356245 -6.8855023 2.6597815
  vertex -1.0224583 -8.253944 1.7709512
 endloop
endfacet
facet normal 0.14319985 -0.5007657 0.8536554
 outer loop
  vertex -1.0224583 -8.253944 1.7709512
  vertex -0.6153842 -8.347292 1.647906
  vertex -0.9677016 -6.8397393 2.5913575
 endloop
endfacet
facet normal -0.3028133 -0.50076574 0.81088704
 outer loop
  vertex 2.5200012 -3.924501 4.364769
  vertex 0.56323 -4.372178 3.3575785
  vertex 0.41006586 -5.758068 2.4445212
 endloop
endfacet
facet normal -0.3028135 -0.5007655 0.8108871
 outer loop
  vertex 0.41006586 -5.758068 2.4445212
  vertex 1.1560011 -6.4497275 2.2959433
  vertex 2.5200012 -3.924501 4.364769
 endloop
endfacet
facet normal -0.30281246 -0.5007676 0.81088626
 outer loop
  vertex 2.5200012 -3.924501 4.364769
  vertex 0.19287273 -4.126945 3.3707197
  vertex 0.56323 -4.372178 3.3575785
 endloop
endfacet
facet normal -0.3028126 -0.50076604 0.8108871
 outer loop
  vertex 1.1560011 -6.4497275 2.2959433
  vertex 1.3520781 -6.4939322 2.3418663
  vertex 2.5200012 -3.924501 4.364769
 endloop
endfacet
facet normal 0.55084234 -0.5007656 0.6676874
 outer loop
  vertex 0.56323 -4.372178 3.3575785
  vertex 5.2791853e-07 -4.428501 3.7800007
  vertex 6.707353e-07 -5.6265345 2.8814754
 endloop
endfacet
facet normal 0.5508424 -0.5007656 0.66768736
 outer loop
  vertex 6.707353e-07 -5.6265345 2.8814754
  vertex 0.41006586 -5.758068 2.4445212
  vertex 0.56323 -4.372178 3.3575785
 endloop
endfacet
facet normal -0.65801275 0.61688703 0.43182126
 outer loop
  vertex 7.719997e-07 -6.4760017 4.0950007
  vertex -0.4100645 -5.758068 2.4445212
  vertex -1.1559997 -6.4497275 2.2959433
 endloop
endfacet
facet normal -0.6580118 0.616888 0.4318214
 outer loop
  vertex 7.719997e-07 -6.4760017 4.0950007
  vertex 6.707353e-07 -5.6265345 2.8814754
  vertex -0.4100645 -5.758068 2.4445212
 endloop
endfacet
facet normal -0.6580131 0.6168866 0.43182147
 outer loop
  vertex -1.1559997 -6.4497275 2.2959433
  vertex -1.2336404 -6.6404867 2.4501462
  vertex 7.719997e-07 -6.4760017 4.0950007
 endloop
endfacet
facet normal 0.044959046 0.6168883 0.7857656
 outer loop
  vertex -1.3520766 -6.4939327 2.3418663
  vertex -1.5356245 -6.8855023 2.6597815
  vertex -1.2336404 -6.6404867 2.4501462
 endloop
endfacet
facet normal 0.044961616 0.61688626 0.785767
 outer loop
  vertex -1.5356245 -6.8855023 2.6597815
  vertex -0.9677016 -6.8397393 2.5913575
  vertex -1.2336404 -6.6404867 2.4501462
 endloop
endfacet
facet normal 0.04495741 0.61688745 0.78576636
 outer loop
  vertex -1.2336404 -6.6404867 2.4501462
  vertex -1.1559997 -6.4497275 2.2959433
  vertex -1.3520766 -6.4939327 2.3418663
 endloop
endfacet
facet normal -0.8108869 -0.5007659 0.30281335
 outer loop
  vertex -1.7603296 -6.83974 2.1337333
  vertex -1.1194353 -8.347292 1.356892
  vertex -1.0224583 -8.253944 1.7709512
 endloop
endfacet
facet normal -0.8108871 -0.5007659 0.30281287
 outer loop
  vertex -1.0224583 -8.253944 1.7709512
  vertex -1.5356245 -6.8855023 2.6597815
  vertex -1.7603296 -6.83974 2.1337333
 endloop
endfacet
facet normal -0.78576666 0.61688673 0.044961035
 outer loop
  vertex -1.5749993 -9.027502 2.7279801
  vertex -1.1194353 -8.347292 1.356892
  vertex -1.5251642 -8.838147 1.0008899
 endloop
endfacet
facet normal -0.7857669 0.61688656 0.04496088
 outer loop
  vertex -1.5749993 -9.027502 2.7279801
  vertex -1.0224583 -8.253944 1.7709512
  vertex -1.1194353 -8.347292 1.356892
 endloop
endfacet
facet normal -0.7857652 0.6168886 0.044961285
 outer loop
  vertex -1.5251642 -8.838147 1.0008899
  vertex -1.7641815 -9.154029 1.1577449
  vertex -1.5749993 -9.027502 2.7279801
 endloop
endfacet
facet normal -0.853656 -0.5007648 0.14319932
 outer loop
  vertex -1.5749993 -9.027502 2.7279801
  vertex -1.7641815 -9.154029 1.1577449
  vertex -1.6413323 -9.307301 1.3541
 endloop
endfacet
facet normal -0.85365546 -0.5007656 0.1431995
 outer loop
  vertex -1.6413323 -9.307301 1.3541
  vertex 1.4892227e-06 -12.492503 -5.4606465e-07
  vertex -1.5749993 -9.027502 2.7279801
 endloop
endfacet
facet normal -0.35394892 0.6168882 0.7029716
 outer loop
  vertex -1.6619684 -8.869517 0.9595383
  vertex -2.0459843 -9.342503 1.18125
  vertex -1.7641815 -9.154029 1.1577449
 endloop
endfacet
facet normal -0.35394615 0.6168846 0.7029761
 outer loop
  vertex -2.0459843 -9.342503 1.18125
  vertex -1.6413323 -9.307301 1.3541
  vertex -1.7641815 -9.154029 1.1577449
 endloop
endfacet
facet normal -0.35394406 0.6168883 0.702974
 outer loop
  vertex -1.7641815 -9.154029 1.1577449
  vertex -1.5251642 -8.838147 1.0008899
  vertex -1.6619684 -8.869517 0.9595383
 endloop
endfacet
facet normal -0.55084234 -0.50076574 0.6676873
 outer loop
  vertex -0.5632289 -4.372178 3.3575785
  vertex -0.4100645 -5.758068 2.4445212
  vertex 6.707353e-07 -5.6265345 2.8814754
 endloop
endfacet
facet normal -0.55084234 -0.50076574 0.6676874
 outer loop
  vertex 6.707353e-07 -5.6265345 2.8814754
  vertex 5.2791853e-07 -4.428501 3.7800007
  vertex -0.5632289 -4.372178 3.3575785
 endloop
endfacet
facet normal 0.4318211 0.6168868 0.65801305
 outer loop
  vertex 5.2791853e-07 -4.428501 3.7800007
  vertex 0.56323 -4.372178 3.3575785
  vertex 0.19287273 -4.126945 3.3707197
 endloop
endfacet
facet normal 0.43182105 0.6168868 0.6580131
 outer loop
  vertex 0.19287273 -4.126945 3.3707197
  vertex 4.909453e-07 -4.118347 3.4892316
  vertex 5.2791853e-07 -4.428501 3.7800007
 endloop
endfacet
facet normal 0.4318205 0.6168883 0.6580121
 outer loop
  vertex 0.19287273 -4.126945 3.3707197
  vertex 0.18947922 -4.061309 3.3114126
  vertex 4.909453e-07 -4.118347 3.4892316
 endloop
endfacet
facet normal -0.30281305 -0.5007657 0.8108872
 outer loop
  vertex 1.4892227e-06 -12.492503 -5.4606465e-07
  vertex -1.6413323 -9.307301 1.3541
  vertex -2.0459843 -9.342503 1.18125
 endloop
endfacet
facet normal -0.8536554 -0.500766 -0.14319873
 outer loop
  vertex 1.4892227e-06 -12.492503 -5.4606465e-07
  vertex -2.0459843 -9.342503 1.18125
  vertex -1.9933513 -9.307301 0.7443861
 endloop
endfacet
facet normal -0.14319897 -0.5007653 0.8536558
 outer loop
  vertex -3.5463743 -6.476002 2.0475004
  vertex -1.5251642 -8.838147 1.0008899
  vertex -1.1194353 -8.347292 1.356892
 endloop
endfacet
facet normal -0.14320318 -0.50076795 0.8536535
 outer loop
  vertex -3.5463743 -6.476002 2.0475004
  vertex -1.6619684 -8.869517 0.9595383
  vertex -1.5251642 -8.838147 1.0008899
 endloop
endfacet
facet normal -0.14319938 -0.50076574 0.8536555
 outer loop
  vertex -1.1194353 -8.347292 1.356892
  vertex -1.7603296 -6.83974 2.1337333
  vertex -3.5463743 -6.476002 2.0475004
 endloop
endfacet
facet normal -0.14319924 -0.50076485 0.85365605
 outer loop
  vertex -1.7603296 -6.83974 2.1337333
  vertex -1.5050676 -6.6404867 2.2934372
  vertex -3.5463743 -6.476002 2.0475004
 endloop
endfacet
facet normal -0.7029734 0.6168867 0.3539479
 outer loop
  vertex -1.3520766 -6.4939327 2.3418663
  vertex -1.4103446 -6.449728 2.1490974
  vertex -1.5050676 -6.6404867 2.2934372
 endloop
endfacet
facet normal -0.7029736 0.6168873 0.35394672
 outer loop
  vertex -1.5050676 -6.6404867 2.2934372
  vertex -1.5356245 -6.8855023 2.6597815
  vertex -1.3520766 -6.4939327 2.3418663
 endloop
endfacet
facet normal -0.70297545 0.61688584 0.35394558
 outer loop
  vertex -1.5050676 -6.6404867 2.2934372
  vertex -1.7603296 -6.83974 2.1337333
  vertex -1.5356245 -6.8855023 2.6597815
 endloop
endfacet
facet normal 0.30281356 -0.50076556 0.81088704
 outer loop
  vertex -2.5200002 -3.9245014 4.364769
  vertex -1.1559997 -6.4497275 2.2959433
  vertex -0.4100645 -5.758068 2.4445212
 endloop
endfacet
facet normal 0.30281368 -0.50076544 0.8108871
 outer loop
  vertex -2.5200002 -3.9245014 4.364769
  vertex -1.3520766 -6.4939327 2.3418663
  vertex -1.1559997 -6.4497275 2.2959433
 endloop
endfacet
facet normal 0.3028134 -0.5007657 0.81088704
 outer loop
  vertex -0.4100645 -5.758068 2.4445212
  vertex -0.5632289 -4.372178 3.3575785
  vertex -2.5200002 -3.9245014 4.364769
 endloop
endfacet
facet normal 0.30281255 -0.5007676 0.8108862
 outer loop
  vertex -0.5632289 -4.372178 3.3575785
  vertex -0.19287175 -4.126945 3.3707197
  vertex -2.5200002 -3.9245014 4.364769
 endloop
endfacet
facet normal -0.43182108 0.6168868 0.65801316
 outer loop
  vertex 5.2791853e-07 -4.428501 3.7800007
  vertex 4.909453e-07 -4.118347 3.4892316
  vertex -0.19287175 -4.126945 3.3707197
 endloop
endfacet
facet normal -0.43182057 0.61688817 0.65801215
 outer loop
  vertex 4.909453e-07 -4.118347 3.4892316
  vertex -0.18947826 -4.061309 3.3114126
  vertex -0.19287175 -4.126945 3.3707197
 endloop
endfacet
facet normal -0.43182117 0.6168867 0.65801316
 outer loop
  vertex -0.19287175 -4.126945 3.3707197
  vertex -0.5632289 -4.372178 3.3575785
  vertex 5.2791853e-07 -4.428501 3.7800007
 endloop
endfacet
facet normal -0.78576636 0.6168873 -0.044959676
 outer loop
  vertex -1.6619684 -8.869517 0.9595383
  vertex -1.6293784 -8.838147 0.8203868
  vertex -1.8847263 -9.154029 0.9489542
 endloop
endfacet
facet normal -0.78576636 0.6168873 -0.0449603
 outer loop
  vertex -1.8847263 -9.154029 0.9489542
  vertex -2.0459843 -9.342503 1.18125
  vertex -1.6619684 -8.869517 0.9595383
 endloop
endfacet
facet normal -0.78576624 0.6168872 -0.044960223
 outer loop
  vertex -1.8847263 -9.154029 0.9489542
  vertex -1.9933513 -9.307301 0.7443861
  vertex -2.0459843 -9.342503 1.18125
 endloop
endfacet
facet normal -0.55084234 -0.5007658 0.6676873
 outer loop
  vertex -3.1499996 -9.027502 -3.9460468e-07
  vertex 1.4892227e-06 -12.492503 -5.4606465e-07
  vertex -1.9933513 -9.307301 0.7443861
 endloop
endfacet
facet normal -0.55084294 -0.5007622 0.6676895
 outer loop
  vertex -1.9933513 -9.307301 0.7443861
  vertex -1.8847263 -9.154029 0.9489542
  vertex -3.1499996 -9.027502 -3.9460468e-07
 endloop
endfacet
facet normal -0.43182075 0.61688745 0.6580126
 outer loop
  vertex -3.1499996 -9.027502 -3.9460468e-07
  vertex -1.8847263 -9.154029 0.9489542
  vertex -1.6293784 -8.838147 0.8203868
 endloop
endfacet
facet normal -0.43182087 0.61688715 0.65801287
 outer loop
  vertex -1.6293784 -8.838147 0.8203868
  vertex -1.7348204 -8.347292 0.29101372
  vertex -3.1499996 -9.027502 -3.9460468e-07
 endloop
endfacet
facet normal -0.4318207 0.6168865 0.65801364
 outer loop
  vertex -1.7348204 -8.347292 0.29101372
  vertex -2.0449176 -8.253944 -3.607914e-07
  vertex -3.1499996 -9.027502 -3.9460468e-07
 endloop
endfacet
facet normal -0.81088704 -0.5007658 -0.30281335
 outer loop
  vertex -3.5463743 -6.476002 2.0475004
  vertex -2.7280319 -6.83974 0.45762363
  vertex -1.7348204 -8.347292 0.29101372
 endloop
endfacet
facet normal -0.81088704 -0.5007651 -0.30281416
 outer loop
  vertex -1.7348204 -8.347292 0.29101372
  vertex -1.6293784 -8.838147 0.8203868
  vertex -3.5463743 -6.476002 2.0475004
 endloop
endfacet
facet normal -0.8108871 -0.50076556 -0.30281344
 outer loop
  vertex -3.5463743 -6.476002 2.0475004
  vertex -2.738709 -6.6404867 0.15670846
  vertex -2.7280319 -6.83974 0.45762363
 endloop
endfacet
facet normal -0.81088734 -0.50076926 -0.3028065
 outer loop
  vertex -1.6293784 -8.838147 0.8203868
  vertex -1.6619684 -8.869517 0.9595383
  vertex -3.5463743 -6.476002 2.0475004
 endloop
endfacet
facet normal -0.044961844 0.6168861 0.78576714
 outer loop
  vertex -3.5463743 -6.476002 2.0475004
  vertex -1.5050676 -6.6404867 2.2934372
  vertex -1.4103446 -6.449728 2.1490974
 endloop
endfacet
facet normal -0.044961806 0.6168873 0.7857661
 outer loop
  vertex -1.4103446 -6.449728 2.1490974
  vertex -1.9119838 -5.7580686 1.5773872
  vertex -3.5463743 -6.476002 2.0475004
 endloop
endfacet
facet normal -0.04496182 0.6168874 0.7857662
 outer loop
  vertex -1.9119838 -5.7580686 1.5773872
  vertex -2.4954307 -5.626535 1.4407381
  vertex -3.5463743 -6.476002 2.0475004
 endloop
endfacet
facet normal -0.66768724 -0.50076586 0.5508424
 outer loop
  vertex -2.7280319 -6.83974 0.45762363
  vertex -3.07125 -6.8855023 -3.0097485e-07
  vertex -2.0449176 -8.253944 -3.607914e-07
 endloop
endfacet
facet normal -0.66768754 -0.5007659 0.550842
 outer loop
  vertex -2.0449176 -8.253944 -3.607914e-07
  vertex -1.7348204 -8.347292 0.29101372
  vertex -2.7280319 -6.83974 0.45762363
 endloop
endfacet
facet normal -0.8536553 -0.50076604 0.14319955
 outer loop
  vertex -2.5200002 -3.9245014 4.364769
  vertex -2.6261332 -4.3721786 2.1665602
  vertex -1.9119838 -5.7580686 1.5773872
 endloop
endfacet
facet normal -0.8536558 -0.5007652 0.14319886
 outer loop
  vertex -1.9119838 -5.7580686 1.5773872
  vertex -1.4103446 -6.449728 2.1490974
  vertex -2.5200002 -3.9245014 4.364769
 endloop
endfacet
facet normal -0.85365474 -0.5007669 0.14319968
 outer loop
  vertex -2.5200002 -3.9245014 4.364769
  vertex -2.8226922 -4.1269455 1.8523912
  vertex -2.6261332 -4.3721786 2.1665602
 endloop
endfacet
facet normal -0.8536551 -0.50076604 0.14320011
 outer loop
  vertex -1.4103446 -6.449728 2.1490974
  vertex -1.3520766 -6.4939327 2.3418663
  vertex -2.5200002 -3.9245014 4.364769
 endloop
endfacet
facet normal 0.3539449 0.6168886 0.70297325
 outer loop
  vertex -2.5200002 -3.9245014 4.364769
  vertex -0.19287175 -4.126945 3.3707197
  vertex -0.18947826 -4.061309 3.3114126
 endloop
endfacet
facet normal 0.35394529 0.6168872 0.70297426
 outer loop
  vertex -0.18947826 -4.061309 3.3114126
  vertex -1.118882 -3.168846 2.9961934
  vertex -2.5200002 -3.9245014 4.364769
 endloop
endfacet
facet normal 0.35394529 0.61688715 0.7029743
 outer loop
  vertex -1.118882 -3.168846 2.9961934
  vertex -1.8590162 -2.9991243 3.2199113
  vertex -2.5200002 -3.9245014 4.364769
 endloop
endfacet
facet normal -0.30281317 -0.50076544 0.8108872
 outer loop
  vertex -2.6261332 -4.3721786 2.1665602
  vertex -3.2735763 -4.4285016 1.8900002
  vertex -2.4954307 -5.626535 1.4407381
 endloop
endfacet
facet normal -0.30281183 -0.50076556 0.81088775
 outer loop
  vertex -2.4954307 -5.626535 1.4407381
  vertex -1.9119838 -5.7580686 1.5773872
  vertex -2.6261332 -4.3721786 2.1665602
 endloop
endfacet
facet normal -0.7029747 0.6168869 -0.35394523
 outer loop
  vertex -3.5463743 -6.476002 2.0475004
  vertex -2.3220499 -5.7580686 0.8671335
  vertex -2.566345 -6.449728 0.14684574
 endloop
endfacet
facet normal -0.70297414 0.6168883 -0.35394382
 outer loop
  vertex -3.5463743 -6.476002 2.0475004
  vertex -2.4954307 -5.626535 1.4407381
  vertex -2.3220499 -5.7580686 0.8671335
 endloop
endfacet
facet normal -0.7029744 0.6168873 -0.35394505
 outer loop
  vertex -2.566345 -6.449728 0.14684574
  vertex -2.738709 -6.6404867 0.15670846
  vertex -3.5463743 -6.476002 2.0475004
 endloop
endfacet
facet normal -0.6580144 0.6168875 0.43181807
 outer loop
  vertex -2.704154 -6.4939327 -2.838588e-07
  vertex -3.07125 -6.8855023 -3.0097485e-07
  vertex -2.738709 -6.6404867 0.15670846
 endloop
endfacet
facet normal -0.6580143 0.61688477 0.43182227
 outer loop
  vertex -3.07125 -6.8855023 -3.0097485e-07
  vertex -2.7280319 -6.83974 0.45762363
  vertex -2.738709 -6.6404867 0.15670846
 endloop
endfacet
facet normal -0.6580136 0.616888 0.4318187
 outer loop
  vertex -2.738709 -6.6404867 0.15670846
  vertex -2.566345 -6.449728 0.14684574
  vertex -2.704154 -6.4939327 -2.838588e-07
 endloop
endfacet
facet normal -0.6676875 -0.50076586 -0.550842
 outer loop
  vertex -2.7280319 -6.83974 -0.45762423
  vertex -1.7348204 -8.347292 -0.29101443
  vertex -2.0449176 -8.253944 -3.607914e-07
 endloop
endfacet
facet normal -0.66768724 -0.5007658 -0.5508424
 outer loop
  vertex -2.0449176 -8.253944 -3.607914e-07
  vertex -3.07125 -6.8855023 -3.0097485e-07
  vertex -2.7280319 -6.83974 -0.45762423
 endloop
endfacet
facet normal -0.4318208 0.61688715 -0.65801287
 outer loop
  vertex -3.1499996 -9.027502 -3.9460468e-07
  vertex -1.7348204 -8.347292 -0.29101443
  vertex -1.6293784 -8.838147 -0.82038754
 endloop
endfacet
facet normal -0.4318207 0.6168865 -0.65801364
 outer loop
  vertex -3.1499996 -9.027502 -3.9460468e-07
  vertex -2.0449176 -8.253944 -3.607914e-07
  vertex -1.7348204 -8.347292 -0.29101443
 endloop
endfacet
facet normal -0.4318207 0.6168876 -0.65801257
 outer loop
  vertex -1.6293784 -8.838147 -0.82038754
  vertex -1.8847263 -9.154029 -0.94895506
  vertex -3.1499996 -9.027502 -3.9460468e-07
 endloop
endfacet
facet normal -0.55084294 -0.5007622 -0.6676895
 outer loop
  vertex -3.1499996 -9.027502 -3.9460468e-07
  vertex -1.8847263 -9.154029 -0.94895506
  vertex -1.9933513 -9.307301 -0.7443869
 endloop
endfacet
facet normal -0.55084234 -0.50076574 -0.6676873
 outer loop
  vertex -1.9933513 -9.307301 -0.7443869
  vertex 1.4892227e-06 -12.492503 -5.4606465e-07
  vertex -3.1499996 -9.027502 -3.9460468e-07
 endloop
endfacet
facet normal -0.78576636 0.6168872 0.04496032
 outer loop
  vertex -1.6619684 -8.869517 -0.9595391
  vertex -2.0459843 -9.342503 -1.1812507
  vertex -1.8847263 -9.154029 -0.94895506
 endloop
endfacet
facet normal -0.7857663 0.6168873 0.044960234
 outer loop
  vertex -2.0459843 -9.342503 -1.1812507
  vertex -1.9933513 -9.307301 -0.7443869
  vertex -1.8847263 -9.154029 -0.94895506
 endloop
endfacet
facet normal -0.78576636 0.6168872 0.044959635
 outer loop
  vertex -1.8847263 -9.154029 -0.94895506
  vertex -1.6293784 -8.838147 -0.82038754
  vertex -1.6619684 -8.869517 -0.9595391
 endloop
endfacet
facet normal -0.8536553 -0.5007659 -0.14319956
 outer loop
  vertex -3.1893632 -4.3721786 1.1910181
  vertex -2.3220499 -5.7580686 0.8671335
  vertex -2.4954307 -5.626535 1.4407381
 endloop
endfacet
facet normal -0.85365546 -0.5007659 -0.14319904
 outer loop
  vertex -2.4954307 -5.626535 1.4407381
  vertex -3.2735763 -4.4285016 1.8900002
  vertex -3.1893632 -4.3721786 1.1910181
 endloop
endfacet
facet normal -0.3539452 0.61688817 0.70297354
 outer loop
  vertex -3.2735763 -4.4285016 1.8900002
  vertex -2.6261332 -4.3721786 2.1665602
  vertex -2.8226922 -4.1269455 1.8523912
 endloop
endfacet
facet normal -0.3539448 0.6168876 0.7029742
 outer loop
  vertex -2.8226922 -4.1269455 1.8523912
  vertex -3.0217624 -4.1183476 1.7446152
  vertex -3.2735763 -4.4285016 1.8900002
 endloop
endfacet
facet normal -0.3539493 0.61687654 0.7029816
 outer loop
  vertex -2.8226922 -4.1269455 1.8523912
  vertex -2.7730281 -4.0613093 1.8198003
  vertex -3.0217624 -4.1183476 1.7446152
 endloop
endfacet
facet normal -0.7857662 0.61688733 0.04496154
 outer loop
  vertex -2.5200002 -3.9245014 4.364769
  vertex -2.035338 -3.168846 2.4670775
  vertex -2.7730281 -4.0613093 1.8198003
 endloop
endfacet
facet normal -0.7857662 0.61688733 0.044961516
 outer loop
  vertex -2.5200002 -3.9245014 4.364769
  vertex -1.8590162 -2.9991243 3.2199113
  vertex -2.035338 -3.168846 2.4670775
 endloop
endfacet
facet normal -0.7857695 0.61688304 0.0449621
 outer loop
  vertex -2.7730281 -4.0613093 1.8198003
  vertex -2.8226922 -4.1269455 1.8523912
  vertex -2.5200002 -3.9245014 4.364769
 endloop
endfacet
facet normal 0.14319955 -0.5007659 0.8536553
 outer loop
  vertex -1.414334 -1.9046178 3.787369
  vertex -2.2443752 -1.971501 3.8873727
  vertex -1.8590162 -2.9991243 3.2199113
 endloop
endfacet
facet normal 0.14319994 -0.50076604 0.85365516
 outer loop
  vertex -1.8590162 -2.9991243 3.2199113
  vertex -1.118882 -3.168846 2.9961934
  vertex -1.414334 -1.9046178 3.787369
 endloop
endfacet
facet normal -0.8108869 -0.5007661 0.3028129
 outer loop
  vertex -2.5727904 -1.9046179 3.1185336
  vertex -2.035338 -3.168846 2.4670775
  vertex -1.8590162 -2.9991243 3.2199113
 endloop
endfacet
facet normal -0.8108868 -0.500766 0.30281335
 outer loop
  vertex -1.8590162 -2.9991243 3.2199113
  vertex -2.2443752 -1.971501 3.8873727
  vertex -2.5727904 -1.9046179 3.1185336
 endloop
endfacet
facet normal 0.044960115 0.61688346 0.78576934
 outer loop
  vertex -1.414334 -1.9046178 3.787369
  vertex -1.7475802 -1.6549346 3.610418
  vertex -2.1371543 -1.7427628 3.70166
 endloop
endfacet
facet normal 0.044961635 0.61688817 0.7857655
 outer loop
  vertex -2.1371543 -1.7427628 3.70166
  vertex -2.2443752 -1.971501 3.8873727
  vertex -1.414334 -1.9046178 3.787369
 endloop
endfacet
facet normal -0.6676871 -0.50076604 0.5508423
 outer loop
  vertex 1.6367441e-07 -1.3730005 5.985001
  vertex -1.414334 -1.9046178 3.787369
  vertex -1.118882 -3.168846 2.9961934
 endloop
endfacet
facet normal -0.66768736 -0.5007659 0.55084217
 outer loop
  vertex -1.118882 -3.168846 2.9961934
  vertex -0.18947826 -4.061309 3.3114126
  vertex 1.6367441e-07 -1.3730005 5.985001
 endloop
endfacet
facet normal -0.6676893 -0.5007712 0.5508349
 outer loop
  vertex -1.7563612 -1.6071817 3.643187
  vertex -1.7475802 -1.6549346 3.610418
  vertex -1.414334 -1.9046178 3.787369
 endloop
endfacet
facet normal -0.6676875 -0.50076556 0.5508423
 outer loop
  vertex -1.414334 -1.9046178 3.787369
  vertex 1.6367441e-07 -1.3730005 5.985001
  vertex -1.7563612 -1.6071817 3.643187
 endloop
endfacet
facet normal -0.6676888 -0.5007649 0.55084133
 outer loop
  vertex -0.18947826 -4.061309 3.3114126
  vertex 4.909453e-07 -4.118347 3.4892316
  vertex 1.6367441e-07 -1.3730005 5.985001
 endloop
endfacet
facet normal -0.7029744 0.6168872 0.35394502
 outer loop
  vertex -2.5727904 -1.9046179 3.1185336
  vertex -2.2443752 -1.971501 3.8873727
  vertex -2.1371543 -1.7427628 3.70166
 endloop
endfacet
facet normal -0.7029749 0.61688644 0.35394558
 outer loop
  vertex -2.1371543 -1.7427628 3.70166
  vertex -2.2529223 -1.6549346 3.3186576
  vertex -2.5727904 -1.9046179 3.1185336
 endloop
endfacet
facet normal -0.8536554 -0.500766 0.14319879
 outer loop
  vertex 1.4892227e-06 -12.492503 -5.4606465e-07
  vertex -1.9933513 -9.307301 -0.7443869
  vertex -2.0459843 -9.342503 -1.1812507
 endloop
endfacet
facet normal -0.3028131 -0.50076556 -0.8108872
 outer loop
  vertex -1.6413323 -9.307301 -1.3541007
  vertex 1.4892227e-06 -12.492503 -5.4606465e-07
  vertex -2.0459843 -9.342503 -1.1812507
 endloop
endfacet
facet normal -0.14319947 -0.50076556 0.8536555
 outer loop
  vertex -5.183163 -1.373001 2.9925005
  vertex -2.7730281 -4.0613093 1.8198003
  vertex -2.035338 -3.168846 2.4670775
 endloop
endfacet
facet normal -0.14319958 -0.50076556 0.8536556
 outer loop
  vertex -2.2769113 -1.6071818 3.3426468
  vertex -5.183163 -1.373001 2.9925005
  vertex -2.5727904 -1.9046179 3.1185336
 endloop
endfacet
facet normal -0.14320165 -0.500767 0.8536543
 outer loop
  vertex -5.183163 -1.373001 2.9925005
  vertex -3.0217624 -4.1183476 1.7446152
  vertex -2.7730281 -4.0613093 1.8198003
 endloop
endfacet
facet normal -0.14319961 -0.5007657 0.8536554
 outer loop
  vertex -2.035338 -3.168846 2.4670775
  vertex -2.5727904 -1.9046179 3.1185336
  vertex -5.183163 -1.373001 2.9925005
 endloop
endfacet
facet normal -0.14318866 -0.50077397 0.8536524
 outer loop
  vertex -2.5727904 -1.9046179 3.1185336
  vertex -2.2529223 -1.6549346 3.3186576
  vertex -2.2769113 -1.6071818 3.3426468
 endloop
endfacet
facet normal -0.78576607 0.6168875 -0.044961344
 outer loop
  vertex -3.2735763 -4.4285016 1.8900002
  vertex -3.0217624 -4.1183476 1.7446152
  vertex -3.0155642 -4.1269455 1.5183271
 endloop
endfacet
facet normal -0.7857723 0.6168795 -0.04496121
 outer loop
  vertex -3.0217624 -4.1183476 1.7446152
  vertex -2.9625072 -4.0613093 1.4916133
  vertex -3.0155642 -4.1269455 1.5183271
 endloop
endfacet
facet normal -0.7857657 0.616888 -0.044960637
 outer loop
  vertex -3.0155642 -4.1269455 1.5183271
  vertex -3.1893632 -4.3721786 1.1910181
  vertex -3.2735763 -4.4285016 1.8900002
 endloop
endfacet
facet normal -0.55084205 -0.50076556 0.6676877
 outer loop
  vertex -5.040001 -3.9245017 -1.7154541e-07
  vertex -2.566345 -6.449728 0.14684574
  vertex -2.3220499 -5.7580686 0.8671335
 endloop
endfacet
facet normal -0.5508422 -0.5007658 0.6676874
 outer loop
  vertex -5.040001 -3.9245017 -1.7154541e-07
  vertex -2.704154 -6.4939327 -2.838588e-07
  vertex -2.566345 -6.449728 0.14684574
 endloop
endfacet
facet normal -0.5508421 -0.50076586 0.6676874
 outer loop
  vertex -2.3220499 -5.7580686 0.8671335
  vertex -3.1893632 -4.3721786 1.1910181
  vertex -5.040001 -3.9245017 -1.7154541e-07
 endloop
endfacet
facet normal -0.55084217 -0.50076574 0.6676875
 outer loop
  vertex -3.1893632 -4.3721786 1.1910181
  vertex -3.0155642 -4.1269455 1.5183271
  vertex -5.040001 -3.9245017 -1.7154541e-07
 endloop
endfacet
facet normal -0.6580136 0.616888 -0.4318187
 outer loop
  vertex -2.704154 -6.4939327 -2.838588e-07
  vertex -2.566345 -6.449728 -0.14684631
  vertex -2.738709 -6.6404867 -0.15670903
 endloop
endfacet
facet normal -0.65801436 0.6168875 -0.43181807
 outer loop
  vertex -2.738709 -6.6404867 -0.15670903
  vertex -3.07125 -6.8855023 -3.0097485e-07
  vertex -2.704154 -6.4939327 -2.838588e-07
 endloop
endfacet
facet normal -0.6580143 0.61688477 -0.43182227
 outer loop
  vertex -2.738709 -6.6404867 -0.15670903
  vertex -2.7280319 -6.83974 -0.45762423
  vertex -3.07125 -6.8855023 -3.0097485e-07
 endloop
endfacet
facet normal -0.810887 -0.5007651 0.3028142
 outer loop
  vertex -3.5463743 -6.476002 -2.0475008
  vertex -1.6293784 -8.838147 -0.82038754
  vertex -1.7348204 -8.347292 -0.29101443
 endloop
endfacet
facet normal -0.81088734 -0.5007695 0.30280626
 outer loop
  vertex -3.5463743 -6.476002 -2.0475008
  vertex -1.6619684 -8.869517 -0.9595391
  vertex -1.6293784 -8.838147 -0.82038754
 endloop
endfacet
facet normal -0.810887 -0.50076586 0.30281338
 outer loop
  vertex -1.7348204 -8.347292 -0.29101443
  vertex -2.7280319 -6.83974 -0.45762423
  vertex -3.5463743 -6.476002 -2.0475008
 endloop
endfacet
facet normal -0.81088704 -0.50076556 0.30281344
 outer loop
  vertex -2.7280319 -6.83974 -0.45762423
  vertex -2.738709 -6.6404867 -0.15670903
  vertex -3.5463743 -6.476002 -2.0475008
 endloop
endfacet
facet normal -0.35394353 0.61688805 -0.70297444
 outer loop
  vertex -1.6619684 -8.869517 -0.9595391
  vertex -1.5251642 -8.838147 -1.0008906
  vertex -1.7641815 -9.154029 -1.1577456
 endloop
endfacet
facet normal -0.3539488 0.61688805 -0.7029718
 outer loop
  vertex -1.7641815 -9.154029 -1.1577456
  vertex -2.0459843 -9.342503 -1.1812507
  vertex -1.6619684 -8.869517 -0.9595391
 endloop
endfacet
facet normal -0.35394615 0.6168846 -0.7029761
 outer loop
  vertex -1.7641815 -9.154029 -1.1577456
  vertex -1.6413323 -9.307301 -1.3541007
  vertex -2.0459843 -9.342503 -1.1812507
 endloop
endfacet
facet normal -0.85365546 -0.5007656 -0.14319946
 outer loop
  vertex -1.5749993 -9.027502 -2.727981
  vertex 1.4892227e-06 -12.492503 -5.4606465e-07
  vertex -1.6413323 -9.307301 -1.3541007
 endloop
endfacet
facet normal -0.853656 -0.5007648 -0.14319932
 outer loop
  vertex -1.6413323 -9.307301 -1.3541007
  vertex -1.7641815 -9.154029 -1.1577456
  vertex -1.5749993 -9.027502 -2.727981
 endloop
endfacet
facet normal 0.044961672 0.61688733 0.7857661
 outer loop
  vertex 3.5463758 -6.4760013 2.0475004
  vertex 1.9119853 -5.758068 1.5773872
  vertex 1.410346 -6.4497275 2.1490974
 endloop
endfacet
facet normal 0.044961754 0.61688757 0.785766
 outer loop
  vertex 3.5463758 -6.4760013 2.0475004
  vertex 2.4954321 -5.6265345 1.4407381
  vertex 1.9119853 -5.758068 1.5773872
 endloop
endfacet
facet normal 0.044961702 0.6168861 0.78576714
 outer loop
  vertex 1.410346 -6.4497275 2.1490974
  vertex 1.5050693 -6.6404862 2.2934372
  vertex 3.5463758 -6.4760013 2.0475004
 endloop
endfacet
facet normal 0.8108872 -0.5007648 -0.30281422
 outer loop
  vertex 3.5463758 -6.4760013 2.0475004
  vertex 1.6293806 -8.838147 0.8203868
  vertex 1.7348223 -8.347292 0.29101372
 endloop
endfacet
facet normal 0.8108875 -0.500769 -0.30280644
 outer loop
  vertex 3.5463758 -6.4760013 2.0475004
  vertex 1.6619705 -8.869517 0.9595383
  vertex 1.6293806 -8.838147 0.8203868
 endloop
endfacet
facet normal 0.81088716 -0.5007653 -0.30281353
 outer loop
  vertex 1.7348223 -8.347292 0.29101372
  vertex 2.7280333 -6.839739 0.45762363
  vertex 3.5463758 -6.4760013 2.0475004
 endloop
endfacet
facet normal 0.8108871 -0.50076556 -0.30281344
 outer loop
  vertex 2.7280333 -6.839739 0.45762363
  vertex 2.7387104 -6.640486 0.15670846
  vertex 3.5463758 -6.4760013 2.0475004
 endloop
endfacet
facet normal 0.43182078 0.61688733 0.65801275
 outer loop
  vertex 3.150002 -9.027502 -3.9460463e-07
  vertex 1.7348223 -8.347292 0.29101372
  vertex 1.6293806 -8.838147 0.8203868
 endloop
endfacet
facet normal 0.4318206 0.6168867 0.6580136
 outer loop
  vertex 3.150002 -9.027502 -3.9460463e-07
  vertex 2.0449195 -8.253944 -3.607914e-07
  vertex 1.7348223 -8.347292 0.29101372
 endloop
endfacet
facet normal 0.43182075 0.6168875 0.6580127
 outer loop
  vertex 1.6293806 -8.838147 0.8203868
  vertex 1.8847284 -9.154029 0.9489542
  vertex 3.150002 -9.027502 -3.9460463e-07
 endloop
endfacet
facet normal 0.6676876 -0.50076544 0.5508422
 outer loop
  vertex 2.7280333 -6.839739 0.45762363
  vertex 1.7348223 -8.347292 0.29101372
  vertex 2.0449195 -8.253944 -3.607914e-07
 endloop
endfacet
facet normal 0.6676874 -0.50076544 0.55084246
 outer loop
  vertex 2.0449195 -8.253944 -3.607914e-07
  vertex 3.0712514 -6.8855014 -3.0097485e-07
  vertex 2.7280333 -6.839739 0.45762363
 endloop
endfacet
facet normal 0.8536559 -0.50076514 0.14319897
 outer loop
  vertex 2.5200012 -3.924501 4.364769
  vertex 1.410346 -6.4497275 2.1490974
  vertex 1.9119853 -5.758068 1.5773872
 endloop
endfacet
facet normal 0.8536552 -0.50076586 0.14320016
 outer loop
  vertex 2.5200012 -3.924501 4.364769
  vertex 1.3520781 -6.4939322 2.3418663
  vertex 1.410346 -6.4497275 2.1490974
 endloop
endfacet
facet normal 0.8536554 -0.5007658 0.1431995
 outer loop
  vertex 1.9119853 -5.758068 1.5773872
  vertex 2.6261342 -4.372178 2.1665602
  vertex 2.5200012 -3.924501 4.364769
 endloop
endfacet
facet normal 0.8536551 -0.5007663 0.14319958
 outer loop
  vertex 2.6261342 -4.372178 2.1665602
  vertex 2.822693 -4.1269445 1.8523912
  vertex 2.5200012 -3.924501 4.364769
 endloop
endfacet
facet normal -0.35394543 0.61688715 0.70297426
 outer loop
  vertex 2.5200012 -3.924501 4.364769
  vertex 1.1188827 -3.1688457 2.9961934
  vertex 0.18947922 -4.061309 3.3114126
 endloop
endfacet
facet normal -0.35394546 0.61688703 0.7029743
 outer loop
  vertex 2.5200012 -3.924501 4.364769
  vertex 1.8590169 -2.9991238 3.2199113
  vertex 1.1188827 -3.1688457 2.9961934
 endloop
endfacet
facet normal -0.35394502 0.61688846 0.7029733
 outer loop
  vertex 0.18947922 -4.061309 3.3114126
  vertex 0.19287273 -4.126945 3.3707197
  vertex 2.5200012 -3.924501 4.364769
 endloop
endfacet
facet normal 0.3028118 -0.5007655 0.81088775
 outer loop
  vertex 2.6261342 -4.372178 2.1665602
  vertex 1.9119853 -5.758068 1.5773872
  vertex 2.4954321 -5.6265345 1.4407381
 endloop
endfacet
facet normal 0.3028136 -0.5007653 0.8108872
 outer loop
  vertex 2.4954321 -5.6265345 1.4407381
  vertex 3.2735772 -4.4285007 1.8900002
  vertex 2.6261342 -4.372178 2.1665602
 endloop
endfacet
facet normal 0.7029744 0.6168873 -0.35394505
 outer loop
  vertex 3.5463758 -6.4760013 2.0475004
  vertex 2.7387104 -6.640486 0.15670846
  vertex 2.5663464 -6.449727 0.14684574
 endloop
endfacet
facet normal 0.7029747 0.6168869 -0.35394523
 outer loop
  vertex 2.5663464 -6.449727 0.14684574
  vertex 2.3220513 -5.7580676 0.8671335
  vertex 3.5463758 -6.4760013 2.0475004
 endloop
endfacet
facet normal 0.7029739 0.6168887 -0.35394335
 outer loop
  vertex 2.3220513 -5.7580676 0.8671335
  vertex 2.4954321 -5.6265345 1.4407381
  vertex 3.5463758 -6.4760013 2.0475004
 endloop
endfacet
facet normal 0.6580136 0.616888 0.4318187
 outer loop
  vertex 2.7041554 -6.493932 -2.8385878e-07
  vertex 2.5663464 -6.449727 0.14684574
  vertex 2.7387104 -6.640486 0.15670846
 endloop
endfacet
facet normal 0.6580144 0.6168875 0.43181807
 outer loop
  vertex 2.7387104 -6.640486 0.15670846
  vertex 3.0712514 -6.8855014 -3.0097485e-07
  vertex 2.7041554 -6.493932 -2.8385878e-07
 endloop
endfacet
facet normal 0.6580143 0.61688477 0.43182227
 outer loop
  vertex 2.7387104 -6.640486 0.15670846
  vertex 2.7280333 -6.839739 0.45762363
  vertex 3.0712514 -6.8855014 -3.0097485e-07
 endloop
endfacet
facet normal 0.6676875 -0.5007654 -0.5508425
 outer loop
  vertex 2.7280333 -6.839739 -0.45762423
  vertex 3.0712514 -6.8855014 -3.0097485e-07
  vertex 2.0449195 -8.253944 -3.607914e-07
 endloop
endfacet
facet normal 0.66768765 -0.50076544 -0.5508423
 outer loop
  vertex 2.0449195 -8.253944 -3.607914e-07
  vertex 1.7348223 -8.347292 -0.29101443
  vertex 2.7280333 -6.839739 -0.45762423
 endloop
endfacet
facet normal 0.43182066 0.6168876 -0.65801257
 outer loop
  vertex 3.150002 -9.027502 -3.9460463e-07
  vertex 1.8847284 -9.154029 -0.94895506
  vertex 1.6293806 -8.838147 -0.82038754
 endloop
endfacet
facet normal 0.43182078 0.6168874 -0.6580128
 outer loop
  vertex 1.6293806 -8.838147 -0.82038754
  vertex 1.7348223 -8.347292 -0.29101443
  vertex 3.150002 -9.027502 -3.9460463e-07
 endloop
endfacet
facet normal 0.4318206 0.6168867 -0.6580136
 outer loop
  vertex 1.7348223 -8.347292 -0.29101443
  vertex 2.0449195 -8.253944 -3.607914e-07
  vertex 3.150002 -9.027502 -3.9460463e-07
 endloop
endfacet
facet normal 0.55084234 -0.5007656 -0.6676874
 outer loop
  vertex 3.150002 -9.027502 -3.9460463e-07
  vertex 1.4892227e-06 -12.492503 -5.4606465e-07
  vertex 1.9933535 -9.307301 -0.7443869
 endloop
endfacet
facet normal 0.5508429 -0.5007623 -0.6676895
 outer loop
  vertex 1.9933535 -9.307301 -0.7443869
  vertex 1.8847284 -9.154029 -0.94895506
  vertex 3.150002 -9.027502 -3.9460463e-07
 endloop
endfacet
facet normal 0.78576636 0.6168872 0.044959635
 outer loop
  vertex 1.6619705 -8.869517 -0.9595391
  vertex 1.6293806 -8.838147 -0.82038754
  vertex 1.8847284 -9.154029 -0.94895506
 endloop
endfacet
facet normal 0.78576636 0.6168872 0.044961095
 outer loop
  vertex 1.8847284 -9.154029 -0.94895506
  vertex 2.0459867 -9.342503 -1.1812507
  vertex 1.6619705 -8.869517 -0.9595391
 endloop
endfacet
facet normal 0.785766 0.6168875 0.04496061
 outer loop
  vertex 1.8847284 -9.154029 -0.94895506
  vertex 1.9933535 -9.307301 -0.7443869
  vertex 2.0459867 -9.342503 -1.1812507
 endloop
endfacet
facet normal 0.85365564 -0.5007655 -0.14319903
 outer loop
  vertex 3.1893642 -4.3721776 1.1910181
  vertex 3.2735772 -4.4285007 1.8900002
  vertex 2.4954321 -5.6265345 1.4407381
 endloop
endfacet
facet normal 0.8536554 -0.5007656 -0.1432001
 outer loop
  vertex 2.4954321 -5.6265345 1.4407381
  vertex 2.3220513 -5.7580676 0.8671335
  vertex 3.1893642 -4.3721776 1.1910181
 endloop
endfacet
facet normal 0.3539448 0.6168876 0.7029742
 outer loop
  vertex 3.2735772 -4.4285007 1.8900002
  vertex 3.0217633 -4.1183467 1.7446152
  vertex 2.822693 -4.1269445 1.8523912
 endloop
endfacet
facet normal 0.3539493 0.61687654 0.7029816
 outer loop
  vertex 3.0217633 -4.1183467 1.7446152
  vertex 2.773029 -4.0613084 1.8198003
  vertex 2.822693 -4.1269445 1.8523912
 endloop
endfacet
facet normal 0.35394487 0.6168878 0.7029741
 outer loop
  vertex 2.822693 -4.1269445 1.8523912
  vertex 2.6261342 -4.372178 2.1665602
  vertex 3.2735772 -4.4285007 1.8900002
 endloop
endfacet
facet normal 0.78576946 0.61688304 0.044962212
 outer loop
  vertex 2.5200012 -3.924501 4.364769
  vertex 2.822693 -4.1269445 1.8523912
  vertex 2.773029 -4.0613084 1.8198003
 endloop
endfacet
facet normal 0.78576607 0.6168875 0.044961624
 outer loop
  vertex 2.773029 -4.0613084 1.8198003
  vertex 2.0353389 -3.1688454 2.4670775
  vertex 2.5200012 -3.924501 4.364769
 endloop
endfacet
facet normal 0.7857659 0.61688757 0.044961665
 outer loop
  vertex 2.0353389 -3.1688454 2.4670775
  vertex 1.8590169 -2.9991238 3.2199113
  vertex 2.5200012 -3.924501 4.364769
 endloop
endfacet
facet normal 0.8108869 -0.5007658 0.30281338
 outer loop
  vertex 2.5727909 -1.9046173 3.1185336
  vertex 2.2443757 -1.9715004 3.8873727
  vertex 1.8590169 -2.9991238 3.2199113
 endloop
endfacet
facet normal 0.810887 -0.5007659 0.30281317
 outer loop
  vertex 1.8590169 -2.9991238 3.2199113
  vertex 2.0353389 -3.1688454 2.4670775
  vertex 2.5727909 -1.9046173 3.1185336
 endloop
endfacet
facet normal -0.14319974 -0.5007661 0.8536552
 outer loop
  vertex 1.4143345 -1.9046174 3.787369
  vertex 1.1188827 -3.1688457 2.9961934
  vertex 1.8590169 -2.9991238 3.2199113
 endloop
endfacet
facet normal -0.14319941 -0.5007659 0.8536553
 outer loop
  vertex 1.8590169 -2.9991238 3.2199113
  vertex 2.2443757 -1.9715004 3.8873727
  vertex 1.4143345 -1.9046174 3.787369
 endloop
endfacet
facet normal 0.7029748 0.6168866 0.35394558
 outer loop
  vertex 2.5727909 -1.9046173 3.1185336
  vertex 2.2529228 -1.6549342 3.3186576
  vertex 2.1371548 -1.7427623 3.70166
 endloop
endfacet
facet normal 0.70297426 0.61688745 0.35394496
 outer loop
  vertex 2.1371548 -1.7427623 3.70166
  vertex 2.2443757 -1.9715004 3.8873727
  vertex 2.5727909 -1.9046173 3.1185336
 endloop
endfacet
facet normal -0.044961784 0.61688834 0.78576535
 outer loop
  vertex 1.4143345 -1.9046174 3.787369
  vertex 2.2443757 -1.9715004 3.8873727
  vertex 2.1371548 -1.7427623 3.70166
 endloop
endfacet
facet normal -0.044960257 0.6168835 0.7857692
 outer loop
  vertex 2.1371548 -1.7427623 3.70166
  vertex 1.7475806 -1.6549343 3.610418
  vertex 1.4143345 -1.9046174 3.787369
 endloop
endfacet
facet normal 0.6676874 -0.5007657 0.5508422
 outer loop
  vertex 1.6367441e-07 -1.3730005 5.985001
  vertex 0.18947922 -4.061309 3.3114126
  vertex 1.1188827 -3.1688457 2.9961934
 endloop
endfacet
facet normal 0.6676876 -0.50076544 0.5508423
 outer loop
  vertex 1.7563617 -1.6071813 3.643187
  vertex 1.6367441e-07 -1.3730005 5.985001
  vertex 1.4143345 -1.9046174 3.787369
 endloop
endfacet
facet normal 0.6676889 -0.5007648 0.55084133
 outer loop
  vertex 1.6367441e-07 -1.3730005 5.985001
  vertex 4.909453e-07 -4.118347 3.4892316
  vertex 0.18947922 -4.061309 3.3114126
 endloop
endfacet
facet normal 0.6676872 -0.5007659 0.5508422
 outer loop
  vertex 1.1188827 -3.1688457 2.9961934
  vertex 1.4143345 -1.9046174 3.787369
  vertex 1.6367441e-07 -1.3730005 5.985001
 endloop
endfacet
facet normal 0.6676893 -0.5007712 0.5508349
 outer loop
  vertex 1.4143345 -1.9046174 3.787369
  vertex 1.7475806 -1.6549343 3.610418
  vertex 1.7563617 -1.6071813 3.643187
 endloop
endfacet
facet normal 0.65801245 0.6168875 0.43182102
 outer loop
  vertex 1.6367441e-07 -1.3730005 5.985001
  vertex 1.7563617 -1.6071813 3.643187
  vertex 0.6481677 -0.57962286 3.8639207
 endloop
endfacet
facet normal 0.6580126 0.61688733 0.43182105
 outer loop
  vertex 0.6481677 -0.57962286 3.8639207
  vertex 4.431167e-08 -0.3717134 4.5545907
  vertex 1.6367441e-07 -1.3730005 5.985001
 endloop
endfacet
facet normal -0.65801275 0.6168872 0.431821
 outer loop
  vertex 1.6367441e-07 -1.3730005 5.985001
  vertex 4.431167e-08 -0.3717134 4.5545907
  vertex -0.6481676 -0.579623 3.8639207
 endloop
endfacet
facet normal -0.6580126 0.61688733 0.43182108
 outer loop
  vertex -0.6481676 -0.579623 3.8639207
  vertex -1.7563612 -1.6071817 3.643187
  vertex 1.6367441e-07 -1.3730005 5.985001
 endloop
endfacet
facet normal 0.55084205 -0.500766 0.6676874
 outer loop
  vertex 0.7744404 0.562944 4.616671
  vertex -5.7876132e-08 0.4854999 5.197501
  vertex 4.431167e-08 -0.3717134 4.5545907
 endloop
endfacet
facet normal 0.5508419 -0.5007658 0.6676877
 outer loop
  vertex 4.431167e-08 -0.3717134 4.5545907
  vertex 0.6481677 -0.57962286 3.8639207
  vertex 0.7744404 0.562944 4.616671
 endloop
endfacet
facet normal -0.30281302 -0.50076586 0.81088704
 outer loop
  vertex 3.4650006 1.1785004 6.0015574
  vertex 0.7744404 0.562944 4.616671
  vertex 0.6481677 -0.57962286 3.8639207
 endloop
endfacet
facet normal -0.30281326 -0.5007656 0.8108871
 outer loop
  vertex 0.6481677 -0.57962286 3.8639207
  vertex 1.7563617 -1.6071813 3.643187
  vertex 3.4650006 1.1785004 6.0015574
 endloop
endfacet
facet normal -0.30281326 -0.50076556 0.8108871
 outer loop
  vertex 1.7563617 -1.6071813 3.643187
  vertex 2.1371548 -1.7427623 3.70166
  vertex 3.4650006 1.1785004 6.0015574
 endloop
endfacet
facet normal -0.30281305 -0.50076574 0.81088704
 outer loop
  vertex 3.4650006 1.1785004 6.0015574
  vertex 0.26519924 0.90014005 4.6347394
  vertex 0.7744404 0.562944 4.616671
 endloop
endfacet
facet normal -0.3028128 -0.50076365 0.8108885
 outer loop
  vertex 1.7563617 -1.6071813 3.643187
  vertex 1.7475806 -1.6549343 3.610418
  vertex 2.1371548 -1.7427623 3.70166
 endloop
endfacet
facet normal -0.55084175 -0.500766 0.66768765
 outer loop
  vertex -0.7744405 0.5629438 4.616671
  vertex -0.6481676 -0.579623 3.8639207
  vertex 4.431167e-08 -0.3717134 4.5545907
 endloop
endfacet
facet normal -0.5508419 -0.5007661 0.6676874
 outer loop
  vertex 4.431167e-08 -0.3717134 4.5545907
  vertex -5.7876132e-08 0.4854999 5.197501
  vertex -0.7744405 0.5629438 4.616671
 endloop
endfacet
facet normal 0.3028134 -0.5007655 0.8108871
 outer loop
  vertex -3.465001 1.1784996 6.0015574
  vertex -1.7563612 -1.6071817 3.643187
  vertex -0.6481676 -0.579623 3.8639207
 endloop
endfacet
facet normal 0.3028134 -0.5007655 0.8108871
 outer loop
  vertex -3.465001 1.1784996 6.0015574
  vertex -2.1371543 -1.7427628 3.70166
  vertex -1.7563612 -1.6071817 3.643187
 endloop
endfacet
facet normal 0.30281293 -0.50076354 0.81088847
 outer loop
  vertex -2.1371543 -1.7427628 3.70166
  vertex -1.7475802 -1.6549346 3.610418
  vertex -1.7563612 -1.6071817 3.643187
 endloop
endfacet
facet normal 0.30281314 -0.5007659 0.81088704
 outer loop
  vertex -0.6481676 -0.579623 3.8639207
  vertex -0.7744405 0.5629438 4.616671
  vertex -3.465001 1.1784996 6.0015574
 endloop
endfacet
facet normal 0.30281317 -0.5007656 0.81088704
 outer loop
  vertex -0.7744405 0.5629438 4.616671
  vertex -0.26519948 0.90014 4.6347394
  vertex -3.465001 1.1784996 6.0015574
 endloop
endfacet
facet normal 0.43181992 0.61688757 0.65801316
 outer loop
  vertex -2.9784454e-07 2.4985003 3.3103127
  vertex -5.7876132e-08 0.4854999 5.197501
  vertex 0.26519924 0.90014005 4.6347394
 endloop
endfacet
facet normal 0.43182096 0.61688685 0.65801316
 outer loop
  vertex -5.7876132e-08 0.4854999 5.197501
  vertex 0.7744404 0.562944 4.616671
  vertex 0.26519924 0.90014005 4.6347394
 endloop
endfacet
facet normal 0.4318195 0.6168876 0.65801334
 outer loop
  vertex 0.26519924 0.90014005 4.6347394
  vertex 0.18256025 2.4985006 3.1905077
  vertex -2.9784454e-07 2.4985003 3.3103127
 endloop
endfacet
facet normal -0.43182012 0.6168875 0.65801305
 outer loop
  vertex -2.9784454e-07 2.4985003 3.3103127
  vertex -0.18256085 2.4985003 3.1905077
  vertex -0.26519948 0.90014 4.6347394
 endloop
endfacet
facet normal -0.43181995 0.6168875 0.65801316
 outer loop
  vertex -0.26519948 0.90014 4.6347394
  vertex -5.7876132e-08 0.4854999 5.197501
  vertex -2.9784454e-07 2.4985003 3.3103127
 endloop
endfacet
facet normal -0.43182108 0.61688673 0.65801316
 outer loop
  vertex -0.26519948 0.90014 4.6347394
  vertex -0.7744405 0.5629438 4.616671
  vertex -5.7876132e-08 0.4854999 5.197501
 endloop
endfacet
facet normal 0.3539455 0.6168873 0.7029742
 outer loop
  vertex -0.26519948 0.90014 4.6347394
  vertex -0.18256085 2.4985003 3.1905077
  vertex -2.5221438 2.4985 4.368481
 endloop
endfacet
facet normal 0.35394526 0.616887 0.70297456
 outer loop
  vertex -2.5221438 2.4985 4.368481
  vertex -3.465001 1.1784996 6.0015574
  vertex -0.26519948 0.90014 4.6347394
 endloop
endfacet
facet normal -0.7857665 0.616887 0.044961426
 outer loop
  vertex -3.881202 0.90013963 2.5470388
  vertex -3.465001 1.1784996 6.0015574
  vertex -2.5221438 2.4985 4.368481
 endloop
endfacet
facet normal -0.78576654 0.616887 0.044961426
 outer loop
  vertex -2.5221438 2.4985 4.368481
  vertex -2.6717808 2.4985 1.7533566
  vertex -3.881202 0.90013963 2.5470388
 endloop
endfacet
facet normal -0.8536555 -0.5007656 0.14319941
 outer loop
  vertex -3.465001 1.1784996 6.0015574
  vertex -3.6109338 0.5629436 2.9790206
  vertex -3.0221696 -0.5796232 2.4932895
 endloop
endfacet
facet normal -0.85365534 -0.5007658 0.14319952
 outer loop
  vertex -3.0221696 -0.5796232 2.4932895
  vertex -2.2769113 -1.6071818 3.3426468
  vertex -3.465001 1.1784996 6.0015574
 endloop
endfacet
facet normal -0.853656 -0.500765 0.1431984
 outer loop
  vertex -2.2769113 -1.6071818 3.3426468
  vertex -2.1371543 -1.7427628 3.70166
  vertex -3.465001 1.1784996 6.0015574
 endloop
endfacet
facet normal -0.8536552 -0.5007659 0.14319947
 outer loop
  vertex -3.465001 1.1784996 6.0015574
  vertex -3.881202 0.90013963 2.5470388
  vertex -3.6109338 0.5629436 2.9790206
 endloop
endfacet
facet normal -0.8536522 -0.5007729 0.14319395
 outer loop
  vertex -2.2769113 -1.6071818 3.3426468
  vertex -2.2529223 -1.6549346 3.3186576
  vertex -2.1371543 -1.7427628 3.70166
 endloop
endfacet
facet normal -0.35394543 0.616887 0.70297444
 outer loop
  vertex -2.8668158 2.4985 1.6551565
  vertex -4.501168 0.48549947 2.5987506
  vertex -3.881202 0.90013963 2.5470388
 endloop
endfacet
facet normal -0.35394552 0.6168871 0.7029743
 outer loop
  vertex -4.501168 0.48549947 2.5987506
  vertex -3.6109338 0.5629436 2.9790206
  vertex -3.881202 0.90013963 2.5470388
 endloop
endfacet
facet normal -0.35394695 0.6168874 0.70297337
 outer loop
  vertex -3.881202 0.90013963 2.5470388
  vertex -2.6717808 2.4985 1.7533566
  vertex -2.8668158 2.4985 1.6551565
 endloop
endfacet
facet normal -0.3028133 -0.5007658 0.81088704
 outer loop
  vertex -3.6109338 0.5629436 2.9790206
  vertex -4.501168 0.48549947 2.5987506
  vertex -3.9443917 -0.37171376 2.2772954
 endloop
endfacet
facet normal -0.30281293 -0.5007659 0.81088704
 outer loop
  vertex -3.9443917 -0.37171376 2.2772954
  vertex -3.0221696 -0.5796232 2.4932895
  vertex -3.6109338 0.5629436 2.9790206
 endloop
endfacet
facet normal -0.3539454 0.616887 0.70297456
 outer loop
  vertex 0.26519924 0.90014005 4.6347394
  vertex 3.4650006 1.1785004 6.0015574
  vertex 2.5221434 2.4985006 4.368481
 endloop
endfacet
facet normal -0.35394555 0.61688715 0.70297426
 outer loop
  vertex 2.5221434 2.4985006 4.368481
  vertex 0.18256025 2.4985006 3.1905077
  vertex 0.26519924 0.90014005 4.6347394
 endloop
endfacet
facet normal 0.7857663 0.6168871 0.044961464
 outer loop
  vertex 3.881202 0.9001406 2.5470388
  vertex 2.6717803 2.4985008 1.7533566
  vertex 2.5221434 2.4985006 4.368481
 endloop
endfacet
facet normal 0.78576636 0.61688715 0.044961527
 outer loop
  vertex 2.5221434 2.4985006 4.368481
  vertex 3.4650006 1.1785004 6.0015574
  vertex 3.881202 0.9001406 2.5470388
 endloop
endfacet
facet normal -0.044961624 0.61688757 0.78576595
 outer loop
  vertex -5.183163 -1.373001 2.9925005
  vertex -2.2769113 -1.6071818 3.3426468
  vertex -3.0221696 -0.5796232 2.4932895
 endloop
endfacet
facet normal -0.044961292 0.616887 0.7857665
 outer loop
  vertex -3.0221696 -0.5796232 2.4932895
  vertex -3.9443917 -0.37171376 2.2772954
  vertex -5.183163 -1.373001 2.9925005
 endloop
endfacet
facet normal -0.70297444 0.6168872 -0.3539451
 outer loop
  vertex -5.183163 -1.373001 2.9925005
  vertex -3.9443917 -0.37171376 2.2772954
  vertex -3.6703377 -0.5796232 1.3706303
 endloop
endfacet
facet normal -0.70297444 0.61688715 -0.35394508
 outer loop
  vertex -3.6703377 -0.5796232 1.3706303
  vertex -4.033273 -1.6071818 0.30053982
  vertex -5.183163 -1.373001 2.9925005
 endloop
endfacet
facet normal -0.8536557 -0.5007653 -0.14319946
 outer loop
  vertex -4.385374 0.5629435 1.6376503
  vertex -3.6703377 -0.5796232 1.3706303
  vertex -3.9443917 -0.37171376 2.2772954
 endloop
endfacet
facet normal -0.85365564 -0.5007654 -0.14319967
 outer loop
  vertex -3.9443917 -0.37171376 2.2772954
  vertex -4.501168 0.48549947 2.5987506
  vertex -4.385374 0.5629435 1.6376503
 endloop
endfacet
facet normal -0.78576654 0.61688685 -0.044961106
 outer loop
  vertex -2.8668158 2.4985 1.6551565
  vertex -2.8543417 2.4985 1.4371525
  vertex -4.146401 0.90013963 2.0877006
 endloop
endfacet
facet normal -0.7857667 0.6168866 -0.044962354
 outer loop
  vertex -4.146401 0.90013963 2.0877006
  vertex -4.501168 0.48549947 2.5987506
  vertex -2.8668158 2.4985 1.6551565
 endloop
endfacet
facet normal -0.78576624 0.6168873 -0.044961534
 outer loop
  vertex -4.146401 0.90013963 2.0877006
  vertex -4.385374 0.5629435 1.6376503
  vertex -4.501168 0.48549947 2.5987506
 endloop
endfacet
facet normal -0.4318212 0.61688685 0.658013
 outer loop
  vertex -4.146401 0.90013963 2.0877006
  vertex -2.8543417 2.4985 1.4371525
  vertex -5.0442877 2.4984999 1.0921291e-07
 endloop
endfacet
facet normal -0.43182108 0.6168869 0.6580129
 outer loop
  vertex -5.0442877 2.4984999 1.0921291e-07
  vertex -6.9300017 1.1784995 5.1513847e-08
  vertex -4.146401 0.90013963 2.0877006
 endloop
endfacet
facet normal 0.85365546 -0.50076574 0.14319924
 outer loop
  vertex 1.4892227e-06 -12.492503 -5.4606465e-07
  vertex 2.0459867 -9.342503 -1.1812507
  vertex 1.9933535 -9.307301 -0.7443869
 endloop
endfacet
facet normal 0.30281293 -0.50076544 -0.8108873
 outer loop
  vertex 1.4892227e-06 -12.492503 -5.4606465e-07
  vertex 1.6413344 -9.307301 -1.3541007
  vertex 2.0459867 -9.342503 -1.1812507
 endloop
endfacet
facet normal 0.8536555 -0.5007655 0.14319952
 outer loop
  vertex 3.4650006 1.1785004 6.0015574
  vertex 2.2769117 -1.6071812 3.3426468
  vertex 3.0221696 -0.5796225 2.4932895
 endloop
endfacet
facet normal 0.8536562 -0.5007647 0.1431984
 outer loop
  vertex 3.4650006 1.1785004 6.0015574
  vertex 2.1371548 -1.7427623 3.70166
  vertex 2.2769117 -1.6071812 3.3426468
 endloop
endfacet
facet normal 0.85365266 -0.50077206 0.14319427
 outer loop
  vertex 2.1371548 -1.7427623 3.70166
  vertex 2.2529228 -1.6549342 3.3186576
  vertex 2.2769117 -1.6071812 3.3426468
 endloop
endfacet
facet normal 0.8536555 -0.5007657 0.14319958
 outer loop
  vertex 3.0221696 -0.5796225 2.4932895
  vertex 3.6109338 0.5629444 2.9790206
  vertex 3.4650006 1.1785004 6.0015574
 endloop
endfacet
facet normal 0.8536554 -0.50076574 0.14319958
 outer loop
  vertex 3.6109338 0.5629444 2.9790206
  vertex 3.881202 0.9001406 2.5470388
  vertex 3.4650006 1.1785004 6.0015574
 endloop
endfacet
facet normal 0.14319974 -0.5007657 0.85365546
 outer loop
  vertex 5.183163 -1.3729998 2.9925005
  vertex 2.5727909 -1.9046173 3.1185336
  vertex 2.0353389 -3.1688454 2.4670775
 endloop
endfacet
facet normal 0.14319973 -0.5007656 0.85365546
 outer loop
  vertex 2.0353389 -3.1688454 2.4670775
  vertex 2.773029 -4.0613084 1.8198003
  vertex 5.183163 -1.3729998 2.9925005
 endloop
endfacet
facet normal 0.14318955 -0.5007733 0.8536527
 outer loop
  vertex 2.2769117 -1.6071812 3.3426468
  vertex 2.2529228 -1.6549342 3.3186576
  vertex 2.5727909 -1.9046173 3.1185336
 endloop
endfacet
facet normal 0.1431997 -0.50076544 0.8536556
 outer loop
  vertex 2.5727909 -1.9046173 3.1185336
  vertex 5.183163 -1.3729998 2.9925005
  vertex 2.2769117 -1.6071812 3.3426468
 endloop
endfacet
facet normal 0.14320168 -0.5007669 0.8536543
 outer loop
  vertex 2.773029 -4.0613084 1.8198003
  vertex 3.0217633 -4.1183467 1.7446152
  vertex 5.183163 -1.3729998 2.9925005
 endloop
endfacet
facet normal 0.35394692 0.61688745 0.70297325
 outer loop
  vertex 2.8668153 2.4985008 1.6551565
  vertex 2.6717803 2.4985008 1.7533566
  vertex 3.881202 0.9001406 2.5470388
 endloop
endfacet
facet normal 0.3539454 0.61688715 0.7029743
 outer loop
  vertex 3.881202 0.9001406 2.5470388
  vertex 4.501168 0.48550054 2.5987506
  vertex 2.8668153 2.4985008 1.6551565
 endloop
endfacet
facet normal 0.3539454 0.6168871 0.70297444
 outer loop
  vertex 3.881202 0.9001406 2.5470388
  vertex 3.6109338 0.5629444 2.9790206
  vertex 4.501168 0.48550054 2.5987506
 endloop
endfacet
facet normal 0.7857657 0.616888 -0.044960637
 outer loop
  vertex 3.2735772 -4.4285007 1.8900002
  vertex 3.1893642 -4.3721776 1.1910181
  vertex 3.0155652 -4.1269445 1.5183271
 endloop
endfacet
facet normal 0.78576607 0.6168875 -0.044961344
 outer loop
  vertex 3.0155652 -4.1269445 1.5183271
  vertex 3.0217633 -4.1183467 1.7446152
  vertex 3.2735772 -4.4285007 1.8900002
 endloop
endfacet
facet normal 0.7857723 0.6168795 -0.04496121
 outer loop
  vertex 3.0155652 -4.1269445 1.5183271
  vertex 2.9625082 -4.0613084 1.4916133
  vertex 3.0217633 -4.1183467 1.7446152
 endloop
endfacet
facet normal 0.5508422 -0.5007658 0.6676874
 outer loop
  vertex 5.040002 -3.9245002 -1.7154535e-07
  vertex 3.1893642 -4.3721776 1.1910181
  vertex 2.3220513 -5.7580676 0.8671335
 endloop
endfacet
facet normal 0.5508422 -0.5007655 0.66768765
 outer loop
  vertex 2.3220513 -5.7580676 0.8671335
  vertex 2.5663464 -6.449727 0.14684574
  vertex 5.040002 -3.9245002 -1.7154535e-07
 endloop
endfacet
facet normal 0.5508422 -0.5007656 0.6676875
 outer loop
  vertex 5.040002 -3.9245002 -1.7154535e-07
  vertex 3.0155652 -4.1269445 1.5183271
  vertex 3.1893642 -4.3721776 1.1910181
 endloop
endfacet
facet normal 0.5508423 -0.5007657 0.6676874
 outer loop
  vertex 2.5663464 -6.449727 0.14684574
  vertex 2.7041554 -6.493932 -2.8385878e-07
  vertex 5.040002 -3.9245002 -1.7154535e-07
 endloop
endfacet
facet normal 0.65801436 0.6168875 -0.43181807
 outer loop
  vertex 2.7041554 -6.493932 -2.8385878e-07
  vertex 3.0712514 -6.8855014 -3.0097485e-07
  vertex 2.7387104 -6.640486 -0.15670903
 endloop
endfacet
facet normal 0.6580143 0.61688477 -0.43182227
 outer loop
  vertex 3.0712514 -6.8855014 -3.0097485e-07
  vertex 2.7280333 -6.839739 -0.45762423
  vertex 2.7387104 -6.640486 -0.15670903
 endloop
endfacet
facet normal 0.6580136 0.616888 -0.4318187
 outer loop
  vertex 2.7387104 -6.640486 -0.15670903
  vertex 2.5663464 -6.449727 -0.14684631
  vertex 2.7041554 -6.493932 -2.8385878e-07
 endloop
endfacet
facet normal 0.81088716 -0.5007654 0.30281356
 outer loop
  vertex 3.5463758 -6.4760013 -2.0475008
  vertex 2.7280333 -6.839739 -0.45762423
  vertex 1.7348223 -8.347292 -0.29101443
 endloop
endfacet
facet normal 0.8108872 -0.5007648 0.30281422
 outer loop
  vertex 1.7348223 -8.347292 -0.29101443
  vertex 1.6293806 -8.838147 -0.82038754
  vertex 3.5463758 -6.4760013 -2.0475008
 endloop
endfacet
facet normal 0.81088704 -0.50076556 0.30281344
 outer loop
  vertex 3.5463758 -6.4760013 -2.0475008
  vertex 2.7387104 -6.640486 -0.15670903
  vertex 2.7280333 -6.839739 -0.45762423
 endloop
endfacet
facet normal 0.81088746 -0.50076926 0.30280623
 outer loop
  vertex 1.6293806 -8.838147 -0.82038754
  vertex 1.6619705 -8.869517 -0.9595391
  vertex 3.5463758 -6.4760013 -2.0475008
 endloop
endfacet
facet normal 0.35394853 0.6168881 -0.70297194
 outer loop
  vertex 1.6619705 -8.869517 -0.9595391
  vertex 2.0459867 -9.342503 -1.1812507
  vertex 1.7641836 -9.154029 -1.1577456
 endloop
endfacet
facet normal 0.35394597 0.61688477 -0.7029761
 outer loop
  vertex 2.0459867 -9.342503 -1.1812507
  vertex 1.6413344 -9.307301 -1.3541007
  vertex 1.7641836 -9.154029 -1.1577456
 endloop
endfacet
facet normal 0.35394353 0.61688805 -0.70297444
 outer loop
  vertex 1.7641836 -9.154029 -1.1577456
  vertex 1.5251664 -8.838147 -1.0008906
  vertex 1.6619705 -8.869517 -0.9595391
 endloop
endfacet
facet normal 0.30281305 -0.5007659 0.810887
 outer loop
  vertex 3.6109338 0.5629444 2.9790206
  vertex 3.0221696 -0.5796225 2.4932895
  vertex 3.9443917 -0.37171283 2.2772954
 endloop
endfacet
facet normal 0.30281335 -0.5007658 0.810887
 outer loop
  vertex 3.9443917 -0.37171283 2.2772954
  vertex 4.501168 0.48550054 2.5987506
  vertex 3.6109338 0.5629444 2.9790206
 endloop
endfacet
facet normal 0.04496116 0.6168869 0.7857665
 outer loop
  vertex 5.183163 -1.3729998 2.9925005
  vertex 3.9443917 -0.37171283 2.2772954
  vertex 3.0221696 -0.5796225 2.4932895
 endloop
endfacet
facet normal 0.044961512 0.61688757 0.785766
 outer loop
  vertex 3.0221696 -0.5796225 2.4932895
  vertex 2.2769117 -1.6071812 3.3426468
  vertex 5.183163 -1.3729998 2.9925005
 endloop
endfacet
facet normal 0.8536557 -0.5007653 -0.14319965
 outer loop
  vertex 4.385374 0.5629446 1.6376503
  vertex 4.501168 0.48550054 2.5987506
  vertex 3.9443917 -0.37171283 2.2772954
 endloop
endfacet
facet normal 0.8536557 -0.50076526 -0.14319944
 outer loop
  vertex 3.9443917 -0.37171283 2.2772954
  vertex 3.6703377 -0.5796224 1.3706303
  vertex 4.385374 0.5629446 1.6376503
 endloop
endfacet
facet normal 0.7029744 0.6168872 -0.35394514
 outer loop
  vertex 5.183163 -1.3729998 2.9925005
  vertex 4.033273 -1.6071808 0.30053982
  vertex 3.6703377 -0.5796224 1.3706303
 endloop
endfacet
facet normal 0.70297444 0.6168873 -0.35394517
 outer loop
  vertex 3.6703377 -0.5796224 1.3706303
  vertex 3.9443917 -0.37171283 2.2772954
  vertex 5.183163 -1.3729998 2.9925005
 endloop
endfacet
facet normal 0.7857665 0.61688685 -0.044962056
 outer loop
  vertex 2.8668153 2.4985008 1.6551565
  vertex 4.501168 0.48550054 2.5987506
  vertex 4.146401 0.90014064 2.0877006
 endloop
endfacet
facet normal 0.7857662 0.6168873 -0.04496152
 outer loop
  vertex 4.501168 0.48550054 2.5987506
  vertex 4.385374 0.5629446 1.6376503
  vertex 4.146401 0.90014064 2.0877006
 endloop
endfacet
facet normal 0.78576636 0.61688703 -0.044961087
 outer loop
  vertex 4.146401 0.90014064 2.0877006
  vertex 2.8543413 2.4985008 1.4371525
  vertex 2.8668153 2.4985008 1.6551565
 endloop
endfacet
facet normal 0.4318209 0.6168871 0.6580129
 outer loop
  vertex 4.146401 0.90014064 2.0877006
  vertex 6.9300017 1.1785011 5.151392e-08
  vertex 5.0442867 2.4985013 1.0921296e-07
 endloop
endfacet
facet normal 0.43182105 0.616887 0.6580129
 outer loop
  vertex 5.0442867 2.4985013 1.0921296e-07
  vertex 2.8543413 2.4985008 1.4371525
  vertex 4.146401 0.90014064 2.0877006
 endloop
endfacet
facet normal 0.853656 -0.5007648 -0.14319932
 outer loop
  vertex 1.5750015 -9.027502 -2.727981
  vertex 1.7641836 -9.154029 -1.1577456
  vertex 1.6413344 -9.307301 -1.3541007
 endloop
endfacet
facet normal 0.8536556 -0.5007655 -0.14319947
 outer loop
  vertex 1.6413344 -9.307301 -1.3541007
  vertex 1.4892227e-06 -12.492503 -5.4606465e-07
  vertex 1.5750015 -9.027502 -2.727981
 endloop
endfacet
facet normal 0.5508422 -0.50076556 0.6676876
 outer loop
  vertex 6.9300017 1.1785011 5.151392e-08
  vertex 4.385374 0.5629446 1.6376503
  vertex 3.6703377 -0.5796224 1.3706303
 endloop
endfacet
facet normal 0.55084217 -0.50076556 0.6676876
 outer loop
  vertex 3.6703377 -0.5796224 1.3706303
  vertex 4.033273 -1.6071808 0.30053982
  vertex 6.9300017 1.1785011 5.151392e-08
 endloop
endfacet
facet normal 0.55084187 -0.5007651 0.66768825
 outer loop
  vertex 4.033273 -1.6071808 0.30053982
  vertex 4.274309 -1.742762 -7.6178544e-08
  vertex 6.9300017 1.1785011 5.151392e-08
 endloop
endfacet
facet normal 0.5508421 -0.5007662 0.6676871
 outer loop
  vertex 6.9300017 1.1785011 5.151392e-08
  vertex 4.146401 0.90014064 2.0877006
  vertex 4.385374 0.5629446 1.6376503
 endloop
endfacet
facet normal 0.5508397 -0.5007679 0.66768783
 outer loop
  vertex 4.033273 -1.6071808 0.30053982
  vertex 4.000504 -1.6549338 0.2917594
  vertex 4.274309 -1.742762 -7.6178544e-08
 endloop
endfacet
facet normal 0.81088716 -0.5007654 -0.3028133
 outer loop
  vertex 5.183163 -1.3729998 2.9925005
  vertex 2.9625082 -4.0613084 1.4916133
  vertex 3.1542213 -3.1688454 0.52911633
 endloop
endfacet
facet normal 0.81088746 -0.500765 -0.30281335
 outer loop
  vertex 4.033273 -1.6071808 0.30053982
  vertex 5.183163 -1.3729998 2.9925005
  vertex 3.9871252 -1.904617 0.66883487
 endloop
endfacet
facet normal 0.8108872 -0.50076604 -0.30281222
 outer loop
  vertex 5.183163 -1.3729998 2.9925005
  vertex 3.0217633 -4.1183467 1.7446152
  vertex 2.9625082 -4.0613084 1.4916133
 endloop
endfacet
facet normal 0.8108871 -0.5007658 -0.30281296
 outer loop
  vertex 3.1542213 -3.1688454 0.52911633
  vertex 3.9871252 -1.904617 0.66883487
  vertex 5.183163 -1.3729998 2.9925005
 endloop
endfacet
facet normal 0.81088424 -0.5007683 -0.30281654
 outer loop
  vertex 3.9871252 -1.904617 0.66883487
  vertex 4.000504 -1.6549338 0.2917594
  vertex 4.033273 -1.6071808 0.30053982
 endloop
endfacet
facet normal 0.4318208 0.61688757 0.6580125
 outer loop
  vertex 5.040002 -3.9245002 -1.7154535e-07
  vertex 3.1542213 -3.1688454 0.52911633
  vertex 2.9625082 -4.0613084 1.4916133
 endloop
endfacet
facet normal 0.43182078 0.6168872 0.6580129
 outer loop
  vertex 5.040002 -3.9245002 -1.7154535e-07
  vertex 3.718034 -2.9991233 -1.3109585e-07
  vertex 3.1542213 -3.1688454 0.52911633
 endloop
endfacet
facet normal 0.4318254 0.61687845 0.65801805
 outer loop
  vertex 2.9625082 -4.0613084 1.4916133
  vertex 3.0155652 -4.1269445 1.5183271
  vertex 5.040002 -3.9245002 -1.7154535e-07
 endloop
endfacet
facet normal 0.4318211 0.61688703 -0.65801287
 outer loop
  vertex 4.146401 0.9001408 -2.0877006
  vertex 2.8543413 2.498501 -1.4371523
  vertex 5.0442867 2.4985013 1.0921296e-07
 endloop
endfacet
facet normal 0.4318209 0.61688715 -0.65801287
 outer loop
  vertex 5.0442867 2.4985013 1.0921296e-07
  vertex 6.9300017 1.1785011 5.151392e-08
  vertex 4.146401 0.9001408 -2.0877006
 endloop
endfacet
facet normal 0.6676875 -0.50076574 0.5508422
 outer loop
  vertex 3.9871252 -1.904617 0.66883487
  vertex 3.1542213 -3.1688454 0.52911633
  vertex 3.718034 -2.9991233 -1.3109585e-07
 endloop
endfacet
facet normal 0.66768795 -0.5007656 0.5508418
 outer loop
  vertex 3.718034 -2.9991233 -1.3109585e-07
  vertex 4.488751 -1.9715 -8.6177e-08
  vertex 3.9871252 -1.904617 0.66883487
 endloop
endfacet
facet normal 0.6580131 0.6168868 0.43182105
 outer loop
  vertex 3.9871252 -1.904617 0.66883487
  vertex 4.488751 -1.9715 -8.6177e-08
  vertex 4.274309 -1.742762 -7.6178544e-08
 endloop
endfacet
facet normal 0.65801483 0.6168848 0.43182135
 outer loop
  vertex 4.274309 -1.742762 -7.6178544e-08
  vertex 4.000504 -1.6549338 0.2917594
  vertex 3.9871252 -1.904617 0.66883487
 endloop
endfacet
facet normal 0.66768795 -0.5007656 -0.5508418
 outer loop
  vertex 3.9871252 -1.904617 -0.668835
  vertex 4.488751 -1.9715 -8.6177e-08
  vertex 3.718034 -2.9991233 -1.3109585e-07
 endloop
endfacet
facet normal 0.6676874 -0.50076574 -0.5508424
 outer loop
  vertex 3.718034 -2.9991233 -1.3109585e-07
  vertex 3.1542213 -3.1688452 -0.5291166
  vertex 3.9871252 -1.904617 -0.668835
 endloop
endfacet
facet normal 0.6580148 0.6168849 -0.4318214
 outer loop
  vertex 3.9871252 -1.904617 -0.668835
  vertex 4.000504 -1.6549338 -0.29175952
  vertex 4.274309 -1.742762 -7.6178544e-08
 endloop
endfacet
facet normal 0.6580131 0.6168868 -0.43182105
 outer loop
  vertex 4.274309 -1.742762 -7.6178544e-08
  vertex 4.488751 -1.9715 -8.6177e-08
  vertex 3.9871252 -1.904617 -0.668835
 endloop
endfacet
facet normal 0.43182465 0.61687994 -0.65801716
 outer loop
  vertex 5.040002 -3.9245002 -1.7154535e-07
  vertex 3.0155652 -4.1269445 -1.5183276
  vertex 2.9625082 -4.0613084 -1.4916135
 endloop
endfacet
facet normal 0.4318208 0.61688745 -0.65801257
 outer loop
  vertex 2.9625082 -4.0613084 -1.4916135
  vertex 3.1542213 -3.1688452 -0.5291166
  vertex 5.040002 -3.9245002 -1.7154535e-07
 endloop
endfacet
facet normal 0.43182087 0.6168874 -0.6580128
 outer loop
  vertex 3.1542213 -3.1688452 -0.5291166
  vertex 3.718034 -2.9991233 -1.3109585e-07
  vertex 5.040002 -3.9245002 -1.7154535e-07
 endloop
endfacet
facet normal 0.55084217 -0.50076544 -0.66768765
 outer loop
  vertex 5.040002 -3.9245002 -1.7154535e-07
  vertex 2.5663464 -6.449727 -0.14684631
  vertex 2.3220513 -5.7580676 -0.867134
 endloop
endfacet
facet normal 0.55084234 -0.5007656 -0.6676875
 outer loop
  vertex 5.040002 -3.9245002 -1.7154535e-07
  vertex 2.7041554 -6.493932 -2.8385878e-07
  vertex 2.5663464 -6.449727 -0.14684631
 endloop
endfacet
facet normal 0.5508423 -0.5007658 -0.66768736
 outer loop
  vertex 2.3220513 -5.7580676 -0.867134
  vertex 3.1893642 -4.3721776 -1.1910186
  vertex 5.040002 -3.9245002 -1.7154535e-07
 endloop
endfacet
facet normal 0.55084234 -0.50076556 -0.66768754
 outer loop
  vertex 3.1893642 -4.3721776 -1.1910186
  vertex 3.0155652 -4.1269445 -1.5183276
  vertex 5.040002 -3.9245002 -1.7154535e-07
 endloop
endfacet
facet normal 0.7029747 0.6168869 0.35394523
 outer loop
  vertex 3.5463758 -6.4760013 -2.0475008
  vertex 2.3220513 -5.7580676 -0.867134
  vertex 2.5663464 -6.449727 -0.14684631
 endloop
endfacet
facet normal 0.70297414 0.6168883 0.35394382
 outer loop
  vertex 3.5463758 -6.4760013 -2.0475008
  vertex 2.4954321 -5.626534 -1.4407386
  vertex 2.3220513 -5.7580676 -0.867134
 endloop
endfacet
facet normal 0.7029744 0.6168873 0.35394508
 outer loop
  vertex 2.5663464 -6.449727 -0.14684631
  vertex 2.7387104 -6.640486 -0.15670903
  vertex 3.5463758 -6.4760013 -2.0475008
 endloop
endfacet
facet normal 0.78576607 0.6168875 0.044961344
 outer loop
  vertex 3.2735772 -4.4285007 -1.8900007
  vertex 3.0217633 -4.1183467 -1.7446157
  vertex 3.0155652 -4.1269445 -1.5183276
 endloop
endfacet
facet normal 0.7857724 0.6168794 0.044961207
 outer loop
  vertex 3.0217633 -4.1183467 -1.7446157
  vertex 2.9625082 -4.0613084 -1.4916135
  vertex 3.0155652 -4.1269445 -1.5183276
 endloop
endfacet
facet normal 0.7857657 0.616888 0.044960637
 outer loop
  vertex 3.0155652 -4.1269445 -1.5183276
  vertex 3.1893642 -4.3721776 -1.1910186
  vertex 3.2735772 -4.4285007 -1.8900007
 endloop
endfacet
facet normal 0.8536554 -0.50076574 0.14319964
 outer loop
  vertex 3.1893642 -4.3721776 -1.1910186
  vertex 2.3220513 -5.7580676 -0.867134
  vertex 2.4954321 -5.626534 -1.4407386
 endloop
endfacet
facet normal 0.8536556 -0.5007656 0.14319903
 outer loop
  vertex 2.4954321 -5.626534 -1.4407386
  vertex 3.2735772 -4.4285007 -1.8900007
  vertex 3.1893642 -4.3721776 -1.1910186
 endloop
endfacet
facet normal 0.30281323 -0.5007653 -0.81088734
 outer loop
  vertex 2.6261342 -4.3721776 -2.1665606
  vertex 3.2735772 -4.4285007 -1.8900007
  vertex 2.4954321 -5.626534 -1.4407386
 endloop
endfacet
facet normal 0.3028118 -0.5007655 -0.81088775
 outer loop
  vertex 2.4954321 -5.626534 -1.4407386
  vertex 1.9119853 -5.7580676 -1.5773877
  vertex 2.6261342 -4.3721776 -2.1665606
 endloop
endfacet
facet normal 0.044961844 0.61688614 -0.78576714
 outer loop
  vertex 3.5463758 -6.4760013 -2.0475008
  vertex 1.5050693 -6.640486 -2.2934377
  vertex 1.410346 -6.449727 -2.149098
 endloop
endfacet
facet normal 0.044961806 0.6168873 -0.7857661
 outer loop
  vertex 1.410346 -6.449727 -2.149098
  vertex 1.9119853 -5.7580676 -1.5773877
  vertex 3.5463758 -6.4760013 -2.0475008
 endloop
endfacet
facet normal 0.04496182 0.6168874 -0.7857662
 outer loop
  vertex 1.9119853 -5.7580676 -1.5773877
  vertex 2.4954321 -5.626534 -1.4407386
  vertex 3.5463758 -6.4760013 -2.0475008
 endloop
endfacet
facet normal 0.14319915 -0.50076514 -0.8536558
 outer loop
  vertex 3.5463758 -6.4760013 -2.0475008
  vertex 1.5251664 -8.838147 -1.0008906
  vertex 1.1194372 -8.347292 -1.3568927
 endloop
endfacet
facet normal 0.14320268 -0.50076735 -0.85365397
 outer loop
  vertex 3.5463758 -6.4760013 -2.0475008
  vertex 1.6619705 -8.869517 -0.9595391
  vertex 1.5251664 -8.838147 -1.0008906
 endloop
endfacet
facet normal 0.14319934 -0.5007653 -0.85365564
 outer loop
  vertex 1.1194372 -8.347292 -1.3568927
  vertex 1.7603313 -6.839739 -2.1337337
  vertex 3.5463758 -6.4760013 -2.0475008
 endloop
endfacet
facet normal 0.14319925 -0.5007648 -0.85365605
 outer loop
  vertex 1.7603313 -6.839739 -2.1337337
  vertex 1.5050693 -6.640486 -2.2934377
  vertex 3.5463758 -6.4760013 -2.0475008
 endloop
endfacet
facet normal 0.78576654 0.616887 -0.044961073
 outer loop
  vertex 1.5750015 -9.027502 -2.727981
  vertex 1.1194372 -8.347292 -1.3568927
  vertex 1.5251664 -8.838147 -1.0008906
 endloop
endfacet
facet normal 0.7857668 0.6168866 -0.044960827
 outer loop
  vertex 1.5750015 -9.027502 -2.727981
  vertex 1.0224602 -8.253944 -1.7709519
  vertex 1.1194372 -8.347292 -1.3568927
 endloop
endfacet
facet normal 0.7857652 0.6168886 -0.04496128
 outer loop
  vertex 1.5251664 -8.838147 -1.0008906
  vertex 1.7641836 -9.154029 -1.1577456
  vertex 1.5750015 -9.027502 -2.727981
 endloop
endfacet
facet normal 0.7029729 0.61688733 -0.3539479
 outer loop
  vertex 1.3520781 -6.493932 -2.3418667
  vertex 1.410346 -6.449727 -2.149098
  vertex 1.5050693 -6.640486 -2.2934377
 endloop
endfacet
facet normal 0.702973 0.61688775 -0.35394707
 outer loop
  vertex 1.5050693 -6.640486 -2.2934377
  vertex 1.5356262 -6.8855014 -2.659782
  vertex 1.3520781 -6.493932 -2.3418667
 endloop
endfacet
facet normal 0.70297545 0.61688584 -0.35394558
 outer loop
  vertex 1.5050693 -6.640486 -2.2934377
  vertex 1.7603313 -6.839739 -2.1337337
  vertex 1.5356262 -6.8855014 -2.659782
 endloop
endfacet
facet normal 0.81088716 -0.50076544 -0.30281332
 outer loop
  vertex 1.7603313 -6.839739 -2.1337337
  vertex 1.1194372 -8.347292 -1.3568927
  vertex 1.0224602 -8.253944 -1.7709519
 endloop
endfacet
facet normal 0.8108873 -0.50076544 -0.30281296
 outer loop
  vertex 1.0224602 -8.253944 -1.7709519
  vertex 1.5356262 -6.8855014 -2.659782
  vertex 1.7603313 -6.839739 -2.1337337
 endloop
endfacet
facet normal -0.14320002 -0.5007657 -0.8536554
 outer loop
  vertex 0.9677033 -6.8397393 -2.591358
  vertex 1.5356262 -6.8855014 -2.659782
  vertex 1.0224602 -8.253944 -1.7709519
 endloop
endfacet
facet normal -0.14319992 -0.5007656 -0.8536554
 outer loop
  vertex 1.0224602 -8.253944 -1.7709519
  vertex 0.61538625 -8.347292 -1.6479067
  vertex 0.9677033 -6.8397393 -2.591358
 endloop
endfacet
facet normal -0.35394505 0.61688805 -0.7029737
 outer loop
  vertex 1.5750015 -9.027502 -2.727981
  vertex 0.120546214 -9.154029 -2.1067
  vertex 0.10421437 -8.838147 -1.8212779
 endloop
endfacet
facet normal -0.3539454 0.6168874 -0.70297414
 outer loop
  vertex 0.10421437 -8.838147 -1.8212779
  vertex 0.61538625 -8.347292 -1.6479067
  vertex 1.5750015 -9.027502 -2.727981
 endloop
endfacet
facet normal -0.35394666 0.6168862 -0.70297456
 outer loop
  vertex 0.61538625 -8.347292 -1.6479067
  vertex 1.0224602 -8.253944 -1.7709519
  vertex 1.5750015 -9.027502 -2.727981
 endloop
endfacet
facet normal -0.3028133 -0.5007656 -0.8108871
 outer loop
  vertex 1.5750015 -9.027502 -2.727981
  vertex 1.4892227e-06 -12.492503 -5.4606465e-07
  vertex 0.3520195 -9.307301 -2.098487
 endloop
endfacet
facet normal -0.3028136 -0.500765 -0.81088734
 outer loop
  vertex 0.3520195 -9.307301 -2.098487
  vertex 0.120546214 -9.154029 -2.1067
  vertex 1.5750015 -9.027502 -2.727981
 endloop
endfacet
facet normal 0.43182212 0.6168876 -0.65801173
 outer loop
  vertex 1.057329e-06 -8.869517 -1.9190778
  vertex 0.10421437 -8.838147 -1.8212779
  vertex 0.120546214 -9.154029 -2.1067
 endloop
endfacet
facet normal 0.4318188 0.61688757 -0.6580138
 outer loop
  vertex 0.120546214 -9.154029 -2.1067
  vertex 1.1137132e-06 -9.342503 -2.3625011
  vertex 1.057329e-06 -8.869517 -1.9190778
 endloop
endfacet
facet normal 0.43182233 0.61688524 -0.65801376
 outer loop
  vertex 0.120546214 -9.154029 -2.1067
  vertex 0.3520195 -9.307301 -2.098487
  vertex 1.1137132e-06 -9.342503 -2.3625011
 endloop
endfacet
facet normal 0.5508432 -0.50076526 -0.66768706
 outer loop
  vertex 0.3520195 -9.307301 -2.098487
  vertex 1.4892227e-06 -12.492503 -5.4606465e-07
  vertex 1.1137132e-06 -9.342503 -2.3625011
 endloop
endfacet
facet normal -0.55084294 -0.5007654 -0.66768706
 outer loop
  vertex 1.4892227e-06 -12.492503 -5.4606465e-07
  vertex -0.35201728 -9.307301 -2.098487
  vertex 1.1137132e-06 -9.342503 -2.3625011
 endloop
endfacet
facet normal 0.3028136 -0.500765 -0.81088734
 outer loop
  vertex -1.5749993 -9.027502 -2.727981
  vertex -0.12054404 -9.154029 -2.1067
  vertex -0.35201728 -9.307301 -2.098487
 endloop
endfacet
facet normal 0.30281332 -0.5007655 -0.81088716
 outer loop
  vertex -0.35201728 -9.307301 -2.098487
  vertex 1.4892227e-06 -12.492503 -5.4606465e-07
  vertex -1.5749993 -9.027502 -2.727981
 endloop
endfacet
facet normal -0.43181884 0.61688757 -0.6580139
 outer loop
  vertex 1.057329e-06 -8.869517 -1.9190778
  vertex 1.1137132e-06 -9.342503 -2.3625011
  vertex -0.12054404 -9.154029 -2.1067
 endloop
endfacet
facet normal -0.43182233 0.6168851 -0.65801376
 outer loop
  vertex 1.1137132e-06 -9.342503 -2.3625011
  vertex -0.35201728 -9.307301 -2.098487
  vertex -0.12054404 -9.154029 -2.1067
 endloop
endfacet
facet normal -0.43182212 0.6168875 -0.6580118
 outer loop
  vertex -0.12054404 -9.154029 -2.1067
  vertex -0.10421227 -8.838147 -1.8212779
  vertex 1.057329e-06 -8.869517 -1.9190778
 endloop
endfacet
facet normal 0.6676877 -0.5007656 -0.5508421
 outer loop
  vertex 7.719997e-07 -6.4760017 -4.0950017
  vertex 0.9677033 -6.8397393 -2.591358
  vertex 0.61538625 -8.347292 -1.6479067
 endloop
endfacet
facet normal 0.6676881 -0.5007652 -0.5508419
 outer loop
  vertex 0.61538625 -8.347292 -1.6479067
  vertex 0.10421437 -8.838147 -1.8212779
  vertex 7.719997e-07 -6.4760017 -4.0950017
 endloop
endfacet
facet normal 0.66768837 -0.5007645 -0.5508423
 outer loop
  vertex 7.719997e-07 -6.4760017 -4.0950017
  vertex 1.2336421 -6.640486 -2.4501467
  vertex 0.9677033 -6.8397393 -2.591358
 endloop
endfacet
facet normal 0.66768473 -0.50076735 -0.550844
 outer loop
  vertex 0.10421437 -8.838147 -1.8212779
  vertex 1.057329e-06 -8.869517 -1.9190778
  vertex 7.719997e-07 -6.4760017 -4.0950017
 endloop
endfacet
facet normal 0.3539454 0.61688745 -0.70297414
 outer loop
  vertex -1.5749993 -9.027502 -2.727981
  vertex -0.6153842 -8.347292 -1.6479067
  vertex -0.10421227 -8.838147 -1.8212779
 endloop
endfacet
facet normal 0.35394654 0.61688626 -0.70297444
 outer loop
  vertex -1.5749993 -9.027502 -2.727981
  vertex -1.0224583 -8.253944 -1.7709519
  vertex -0.6153842 -8.347292 -1.6479067
 endloop
endfacet
facet normal 0.35394502 0.61688805 -0.70297366
 outer loop
  vertex -0.10421227 -8.838147 -1.8212779
  vertex -0.12054404 -9.154029 -2.1067
  vertex -1.5749993 -9.027502 -2.727981
 endloop
endfacet
facet normal -0.044959083 0.6168882 -0.7857656
 outer loop
  vertex 1.3520781 -6.493932 -2.3418667
  vertex 1.5356262 -6.8855014 -2.659782
  vertex 1.2336421 -6.640486 -2.4501467
 endloop
endfacet
facet normal -0.044962805 0.6168853 -0.7857676
 outer loop
  vertex 1.5356262 -6.8855014 -2.659782
  vertex 0.9677033 -6.8397393 -2.591358
  vertex 1.2336421 -6.640486 -2.4501467
 endloop
endfacet
facet normal -0.044959903 0.61688864 -0.7857653
 outer loop
  vertex 1.2336421 -6.640486 -2.4501467
  vertex 1.1560011 -6.4497275 -2.2959437
  vertex 1.3520781 -6.493932 -2.3418667
 endloop
endfacet
facet normal 0.85365534 -0.5007658 -0.14319952
 outer loop
  vertex 2.5200012 -3.9245005 -4.364769
  vertex 2.6261342 -4.3721776 -2.1665606
  vertex 1.9119853 -5.7580676 -1.5773877
 endloop
endfacet
facet normal 0.8536559 -0.50076514 -0.14319898
 outer loop
  vertex 1.9119853 -5.7580676 -1.5773877
  vertex 1.410346 -6.449727 -2.149098
  vertex 2.5200012 -3.9245005 -4.364769
 endloop
endfacet
facet normal 0.85365474 -0.5007668 -0.14319971
 outer loop
  vertex 2.5200012 -3.9245005 -4.364769
  vertex 2.822693 -4.1269445 -1.8523917
  vertex 2.6261342 -4.3721776 -2.1665606
 endloop
endfacet
facet normal 0.85365516 -0.50076586 -0.14320017
 outer loop
  vertex 1.410346 -6.449727 -2.149098
  vertex 1.3520781 -6.493932 -2.3418667
  vertex 2.5200012 -3.9245005 -4.364769
 endloop
endfacet
facet normal 0.3539452 0.61688817 -0.70297354
 outer loop
  vertex 3.2735772 -4.4285007 -1.8900007
  vertex 2.6261342 -4.3721776 -2.1665606
  vertex 2.822693 -4.1269445 -1.8523917
 endloop
endfacet
facet normal 0.3539448 0.6168876 -0.7029742
 outer loop
  vertex 2.822693 -4.1269445 -1.8523917
  vertex 3.0217633 -4.1183467 -1.7446157
  vertex 3.2735772 -4.4285007 -1.8900007
 endloop
endfacet
facet normal 0.35394868 0.61687815 -0.7029806
 outer loop
  vertex 2.822693 -4.1269445 -1.8523917
  vertex 2.773029 -4.0613084 -1.8198005
  vertex 3.0217633 -4.1183467 -1.7446157
 endloop
endfacet
facet normal 0.8108871 -0.5007659 0.30281287
 outer loop
  vertex 5.183163 -1.3729995 -2.9925005
  vertex 3.9871252 -1.904617 -0.668835
  vertex 3.1542213 -3.1688452 -0.5291166
 endloop
endfacet
facet normal 0.81088716 -0.5007654 0.3028134
 outer loop
  vertex 3.1542213 -3.1688452 -0.5291166
  vertex 2.9625082 -4.0613084 -1.4916135
  vertex 5.183163 -1.3729995 -2.9925005
 endloop
endfacet
facet normal 0.81088424 -0.5007683 0.30281654
 outer loop
  vertex 4.033273 -1.6071808 -0.30053994
  vertex 4.000504 -1.6549338 -0.29175952
  vertex 3.9871252 -1.904617 -0.668835
 endloop
endfacet
facet normal 0.8108876 -0.5007649 0.30281338
 outer loop
  vertex 3.9871252 -1.904617 -0.668835
  vertex 5.183163 -1.3729995 -2.9925005
  vertex 4.033273 -1.6071808 -0.30053994
 endloop
endfacet
facet normal 0.8108873 -0.5007662 0.30281195
 outer loop
  vertex 2.9625082 -4.0613084 -1.4916135
  vertex 3.0217633 -4.1183467 -1.7446157
  vertex 5.183163 -1.3729995 -2.9925005
 endloop
endfacet
facet normal 0.5508422 -0.5007655 -0.6676877
 outer loop
  vertex 6.9300017 1.1785011 5.151392e-08
  vertex 4.033273 -1.6071808 -0.30053994
  vertex 3.6703377 -0.57962227 -1.3706303
 endloop
endfacet
facet normal 0.5508418 -0.50076497 -0.6676883
 outer loop
  vertex 6.9300017 1.1785011 5.151392e-08
  vertex 4.274309 -1.742762 -7.6178544e-08
  vertex 4.033273 -1.6071808 -0.30053994
 endloop
endfacet
facet normal 0.55083966 -0.5007679 -0.66768795
 outer loop
  vertex 4.274309 -1.742762 -7.6178544e-08
  vertex 4.000504 -1.6549338 -0.29175952
  vertex 4.033273 -1.6071808 -0.30053994
 endloop
endfacet
facet normal 0.55084217 -0.50076556 -0.6676876
 outer loop
  vertex 3.6703377 -0.57962227 -1.3706303
  vertex 4.385374 0.5629447 -1.6376503
  vertex 6.9300017 1.1785011 5.151392e-08
 endloop
endfacet
facet normal 0.55084205 -0.50076616 -0.66768724
 outer loop
  vertex 4.385374 0.5629447 -1.6376503
  vertex 4.146401 0.9001408 -2.0877006
  vertex 6.9300017 1.1785011 5.151392e-08
 endloop
endfacet
facet normal 0.7857664 0.616887 0.04496109
 outer loop
  vertex 2.8668153 2.498501 -1.6551563
  vertex 2.8543413 2.498501 -1.4371523
  vertex 4.146401 0.9001408 -2.0877006
 endloop
endfacet
facet normal 0.78576654 0.61688685 0.044962134
 outer loop
  vertex 4.146401 0.9001408 -2.0877006
  vertex 4.501168 0.48550078 -2.5987506
  vertex 2.8668153 2.498501 -1.6551563
 endloop
endfacet
facet normal 0.7857662 0.6168873 0.044961598
 outer loop
  vertex 4.146401 0.9001408 -2.0877006
  vertex 4.385374 0.5629447 -1.6376503
  vertex 4.501168 0.48550078 -2.5987506
 endloop
endfacet
facet normal -0.7857652 0.6168886 -0.04496128
 outer loop
  vertex -1.5749993 -9.027502 -2.727981
  vertex -1.7641815 -9.154029 -1.1577456
  vertex -1.5251642 -8.838147 -1.0008906
 endloop
endfacet
facet normal -0.7857667 0.61688673 -0.04496103
 outer loop
  vertex -1.5251642 -8.838147 -1.0008906
  vertex -1.1194353 -8.347292 -1.3568927
  vertex -1.5749993 -9.027502 -2.727981
 endloop
endfacet
facet normal -0.78576696 0.61688656 -0.04496088
 outer loop
  vertex -1.1194353 -8.347292 -1.3568927
  vertex -1.0224583 -8.253944 -1.7709519
  vertex -1.5749993 -9.027502 -2.727981
 endloop
endfacet
facet normal 0.8536557 -0.50076526 0.1431994
 outer loop
  vertex 4.385374 0.5629447 -1.6376503
  vertex 3.6703377 -0.57962227 -1.3706303
  vertex 3.9443917 -0.37171263 -2.2772954
 endloop
endfacet
facet normal 0.8536557 -0.5007653 0.1431996
 outer loop
  vertex 3.9443917 -0.37171263 -2.2772954
  vertex 4.501168 0.48550078 -2.5987506
  vertex 4.385374 0.5629447 -1.6376503
 endloop
endfacet
facet normal 0.7029744 0.6168872 0.35394523
 outer loop
  vertex 5.183163 -1.3729995 -2.9925005
  vertex 3.9443917 -0.37171263 -2.2772954
  vertex 3.6703377 -0.57962227 -1.3706303
 endloop
endfacet
facet normal 0.7029744 0.6168872 0.35394523
 outer loop
  vertex 3.6703377 -0.57962227 -1.3706303
  vertex 4.033273 -1.6071808 -0.30053994
  vertex 5.183163 -1.3729995 -2.9925005
 endloop
endfacet
facet normal 0.30281335 -0.5007658 -0.810887
 outer loop
  vertex 3.6109338 0.56294465 -2.9790206
  vertex 4.501168 0.48550078 -2.5987506
  vertex 3.9443917 -0.37171263 -2.2772954
 endloop
endfacet
facet normal 0.30281305 -0.5007659 -0.810887
 outer loop
  vertex 3.9443917 -0.37171263 -2.2772954
  vertex 3.0221696 -0.57962227 -2.4932895
  vertex 3.6109338 0.56294465 -2.9790206
 endloop
endfacet
facet normal 0.04496152 0.61688757 -0.78576595
 outer loop
  vertex 5.183163 -1.3729995 -2.9925005
  vertex 2.2769117 -1.6071808 -3.3426468
  vertex 3.0221696 -0.57962227 -2.4932895
 endloop
endfacet
facet normal 0.04496117 0.6168869 -0.7857665
 outer loop
  vertex 3.0221696 -0.57962227 -2.4932895
  vertex 3.9443917 -0.37171263 -2.2772954
  vertex 5.183163 -1.3729995 -2.9925005
 endloop
endfacet
facet normal 0.35394543 0.6168872 -0.7029742
 outer loop
  vertex 2.8668153 2.498501 -1.6551563
  vertex 4.501168 0.48550078 -2.5987506
  vertex 3.881202 0.9001408 -2.5470388
 endloop
endfacet
facet normal 0.3539454 0.6168871 -0.70297444
 outer loop
  vertex 4.501168 0.48550078 -2.5987506
  vertex 3.6109338 0.56294465 -2.9790206
  vertex 3.881202 0.9001408 -2.5470388
 endloop
endfacet
facet normal 0.3539469 0.6168875 -0.7029732
 outer loop
  vertex 3.881202 0.9001408 -2.5470388
  vertex 2.6717803 2.498501 -1.7533563
  vertex 2.8668153 2.498501 -1.6551563
 endloop
endfacet
facet normal 0.7857664 0.6168871 -0.044961464
 outer loop
  vertex 3.881202 0.9001408 -2.5470388
  vertex 3.4650006 1.178501 -6.0015574
  vertex 2.5221434 2.498501 -4.368481
 endloop
endfacet
facet normal 0.78576636 0.61688715 -0.044961415
 outer loop
  vertex 2.5221434 2.498501 -4.368481
  vertex 2.6717803 2.498501 -1.7533563
  vertex 3.881202 0.9001408 -2.5470388
 endloop
endfacet
facet normal 0.14319989 -0.5007656 -0.85365546
 outer loop
  vertex -0.9677016 -6.8397393 -2.591358
  vertex -0.6153842 -8.347292 -1.6479067
  vertex -1.0224583 -8.253944 -1.7709519
 endloop
endfacet
facet normal 0.14320043 -0.50076556 -0.85365534
 outer loop
  vertex -1.0224583 -8.253944 -1.7709519
  vertex -1.5356245 -6.885502 -2.659782
  vertex -0.9677016 -6.8397393 -2.591358
 endloop
endfacet
facet normal -0.6676881 -0.5007653 -0.55084187
 outer loop
  vertex 7.719997e-07 -6.4760017 -4.0950017
  vertex -0.10421227 -8.838147 -1.8212779
  vertex -0.6153842 -8.347292 -1.6479067
 endloop
endfacet
facet normal -0.6676847 -0.50076747 -0.550844
 outer loop
  vertex 7.719997e-07 -6.4760017 -4.0950017
  vertex 1.057329e-06 -8.869517 -1.9190778
  vertex -0.10421227 -8.838147 -1.8212779
 endloop
endfacet
facet normal -0.6676876 -0.5007657 -0.55084205
 outer loop
  vertex -0.6153842 -8.347292 -1.6479067
  vertex -0.9677016 -6.8397393 -2.591358
  vertex 7.719997e-07 -6.4760017 -4.0950017
 endloop
endfacet
facet normal -0.6676879 -0.5007652 -0.5508421
 outer loop
  vertex -0.9677016 -6.8397393 -2.591358
  vertex -1.2336404 -6.6404862 -2.4501467
  vertex 7.719997e-07 -6.4760017 -4.0950017
 endloop
endfacet
facet normal 0.6580128 0.6168871 -0.4318211
 outer loop
  vertex 7.719997e-07 -6.4760017 -4.0950017
  vertex 0.41006586 -5.758068 -2.4445217
  vertex 1.1560011 -6.4497275 -2.2959437
 endloop
endfacet
facet normal 0.6580117 0.61688817 -0.43182126
 outer loop
  vertex 7.719997e-07 -6.4760017 -4.0950017
  vertex 6.707353e-07 -5.6265345 -2.881476
  vertex 0.41006586 -5.758068 -2.4445217
 endloop
endfacet
facet normal 0.6580115 0.61688894 -0.4318203
 outer loop
  vertex 1.1560011 -6.4497275 -2.2959437
  vertex 1.2336421 -6.640486 -2.4501467
  vertex 7.719997e-07 -6.4760017 -4.0950017
 endloop
endfacet
facet normal -0.8108872 -0.50076574 -0.30281293
 outer loop
  vertex -1.7603296 -6.8397393 -2.1337337
  vertex -1.5356245 -6.885502 -2.659782
  vertex -1.0224583 -8.253944 -1.7709519
 endloop
endfacet
facet normal -0.81088704 -0.5007658 -0.30281338
 outer loop
  vertex -1.0224583 -8.253944 -1.7709519
  vertex -1.1194353 -8.347292 -1.3568927
  vertex -1.7603296 -6.8397393 -2.1337337
 endloop
endfacet
facet normal -0.1431992 -0.50076544 -0.85365564
 outer loop
  vertex -3.5463743 -6.476002 -2.0475008
  vertex -1.7603296 -6.8397393 -2.1337337
  vertex -1.1194353 -8.347292 -1.3568927
 endloop
endfacet
facet normal -0.14319903 -0.50076526 -0.8536558
 outer loop
  vertex -1.1194353 -8.347292 -1.3568927
  vertex -1.5251642 -8.838147 -1.0008906
  vertex -3.5463743 -6.476002 -2.0475008
 endloop
endfacet
facet normal -0.1431991 -0.5007649 -0.85365593
 outer loop
  vertex -3.5463743 -6.476002 -2.0475008
  vertex -1.5050676 -6.6404862 -2.2934377
  vertex -1.7603296 -6.8397393 -2.1337337
 endloop
endfacet
facet normal -0.14320265 -0.50076747 -0.85365385
 outer loop
  vertex -1.5251642 -8.838147 -1.0008906
  vertex -1.6619684 -8.869517 -0.9595391
  vertex -3.5463743 -6.476002 -2.0475008
 endloop
endfacet
facet normal 0.04495866 0.61688805 -0.7857658
 outer loop
  vertex -1.3520766 -6.4939322 -2.3418667
  vertex -1.1559997 -6.4497275 -2.2959437
  vertex -1.2336404 -6.6404862 -2.4501467
 endloop
endfacet
facet normal 0.044959046 0.6168883 -0.7857656
 outer loop
  vertex -1.2336404 -6.6404862 -2.4501467
  vertex -1.5356245 -6.885502 -2.659782
  vertex -1.3520766 -6.4939322 -2.3418667
 endloop
endfacet
facet normal 0.044962216 0.61688584 -0.7857673
 outer loop
  vertex -1.2336404 -6.6404862 -2.4501467
  vertex -0.9677016 -6.8397393 -2.591358
  vertex -1.5356245 -6.885502 -2.659782
 endloop
endfacet
facet normal -0.7029736 0.6168873 -0.35394672
 outer loop
  vertex -1.3520766 -6.4939322 -2.3418667
  vertex -1.5356245 -6.885502 -2.659782
  vertex -1.5050676 -6.6404862 -2.2934377
 endloop
endfacet
facet normal -0.70297545 0.61688584 -0.35394558
 outer loop
  vertex -1.5356245 -6.885502 -2.659782
  vertex -1.7603296 -6.8397393 -2.1337337
  vertex -1.5050676 -6.6404862 -2.2934377
 endloop
endfacet
facet normal -0.7029734 0.6168867 -0.3539479
 outer loop
  vertex -1.5050676 -6.6404862 -2.2934377
  vertex -1.4103446 -6.4497275 -2.149098
  vertex -1.3520766 -6.4939322 -2.3418667
 endloop
endfacet
facet normal -0.044961948 0.6168872 -0.78576624
 outer loop
  vertex -3.5463743 -6.476002 -2.0475008
  vertex -1.9119838 -5.758068 -1.5773877
  vertex -1.4103446 -6.4497275 -2.149098
 endloop
endfacet
facet normal -0.044961892 0.6168872 -0.7857663
 outer loop
  vertex -3.5463743 -6.476002 -2.0475008
  vertex -2.4954307 -5.6265345 -1.4407386
  vertex -1.9119838 -5.758068 -1.5773877
 endloop
endfacet
facet normal -0.04496198 0.61688614 -0.78576714
 outer loop
  vertex -1.4103446 -6.4497275 -2.149098
  vertex -1.5050676 -6.6404862 -2.2934377
  vertex -3.5463743 -6.476002 -2.0475008
 endloop
endfacet
facet normal -0.7029744 0.6168873 0.35394508
 outer loop
  vertex -3.5463743 -6.476002 -2.0475008
  vertex -2.738709 -6.6404867 -0.15670903
  vertex -2.566345 -6.449728 -0.14684631
 endloop
endfacet
facet normal -0.7029747 0.6168869 0.35394523
 outer loop
  vertex -2.566345 -6.449728 -0.14684631
  vertex -2.3220499 -5.7580686 -0.867134
  vertex -3.5463743 -6.476002 -2.0475008
 endloop
endfacet
facet normal -0.70297426 0.6168878 0.3539443
 outer loop
  vertex -2.3220499 -5.7580686 -0.867134
  vertex -2.4954307 -5.6265345 -1.4407386
  vertex -3.5463743 -6.476002 -2.0475008
 endloop
endfacet
facet normal -0.6580125 0.6168875 -0.43182102
 outer loop
  vertex 7.719997e-07 -6.4760017 -4.0950017
  vertex -1.2336404 -6.6404862 -2.4501467
  vertex -1.1559997 -6.4497275 -2.2959437
 endloop
endfacet
facet normal -0.6580128 0.6168871 -0.43182117
 outer loop
  vertex -1.1559997 -6.4497275 -2.2959437
  vertex -0.4100645 -5.758068 -2.4445217
  vertex 7.719997e-07 -6.4760017 -4.0950017
 endloop
endfacet
facet normal -0.65801173 0.6168881 -0.43182132
 outer loop
  vertex -0.4100645 -5.758068 -2.4445217
  vertex 6.707353e-07 -5.6265345 -2.881476
  vertex 7.719997e-07 -6.4760017 -4.0950017
 endloop
endfacet
facet normal 0.5508424 -0.5007656 -0.66768736
 outer loop
  vertex 0.56323 -4.372178 -3.357579
  vertex 0.41006586 -5.758068 -2.4445217
  vertex 6.707353e-07 -5.6265345 -2.881476
 endloop
endfacet
facet normal 0.55084234 -0.5007656 -0.6676874
 outer loop
  vertex 6.707353e-07 -5.6265345 -2.881476
  vertex 5.2791853e-07 -4.428501 -3.7800012
  vertex 0.56323 -4.372178 -3.357579
 endloop
endfacet
facet normal -0.3028134 -0.5007654 -0.81088716
 outer loop
  vertex 2.5200012 -3.9245005 -4.364769
  vertex 1.1560011 -6.4497275 -2.2959437
  vertex 0.41006586 -5.758068 -2.4445217
 endloop
endfacet
facet normal -0.30281153 -0.5007665 -0.8108873
 outer loop
  vertex 2.5200012 -3.9245005 -4.364769
  vertex 1.3520781 -6.493932 -2.3418667
  vertex 1.1560011 -6.4497275 -2.2959437
 endloop
endfacet
facet normal -0.30281302 -0.5007658 -0.8108871
 outer loop
  vertex 0.41006586 -5.758068 -2.4445217
  vertex 0.56323 -4.372178 -3.357579
  vertex 2.5200012 -3.9245005 -4.364769
 endloop
endfacet
facet normal -0.30281228 -0.50076735 -0.81088644
 outer loop
  vertex 0.56323 -4.372178 -3.357579
  vertex 0.19287273 -4.126945 -3.3707201
  vertex 2.5200012 -3.9245005 -4.364769
 endloop
endfacet
facet normal 0.785766 0.6168875 -0.044961505
 outer loop
  vertex 2.5200012 -3.9245005 -4.364769
  vertex 2.0353389 -3.1688454 -2.467078
  vertex 2.773029 -4.0613084 -1.8198005
 endloop
endfacet
facet normal 0.7857662 0.6168874 -0.044961385
 outer loop
  vertex 2.5200012 -3.9245005 -4.364769
  vertex 1.8590169 -2.9991233 -3.2199118
  vertex 2.0353389 -3.1688454 -2.467078
 endloop
endfacet
facet normal 0.78576946 0.61688316 -0.04496209
 outer loop
  vertex 2.773029 -4.0613084 -1.8198005
  vertex 2.822693 -4.1269445 -1.8523917
  vertex 2.5200012 -3.9245005 -4.364769
 endloop
endfacet
facet normal 0.14319986 -0.5007656 -0.8536554
 outer loop
  vertex 5.183163 -1.3729995 -2.9925005
  vertex 2.773029 -4.0613084 -1.8198005
  vertex 2.0353389 -3.1688454 -2.467078
 endloop
endfacet
facet normal 0.14319967 -0.50076544 -0.8536556
 outer loop
  vertex 2.2769117 -1.6071808 -3.3426468
  vertex 5.183163 -1.3729995 -2.9925005
  vertex 2.5727909 -1.904617 -3.1185336
 endloop
endfacet
facet normal 0.14320107 -0.50076646 -0.8536548
 outer loop
  vertex 5.183163 -1.3729995 -2.9925005
  vertex 3.0217633 -4.1183467 -1.7446157
  vertex 2.773029 -4.0613084 -1.8198005
 endloop
endfacet
facet normal 0.14319965 -0.50076526 -0.85365564
 outer loop
  vertex 2.0353389 -3.1688454 -2.467078
  vertex 2.5727909 -1.904617 -3.1185336
  vertex 5.183163 -1.3729995 -2.9925005
 endloop
endfacet
facet normal 0.14319044 -0.5007726 -0.8536529
 outer loop
  vertex 2.5727909 -1.904617 -3.1185336
  vertex 2.2529228 -1.6549339 -3.3186576
  vertex 2.2769117 -1.6071808 -3.3426468
 endloop
endfacet
facet normal 0.85365546 -0.5007656 -0.14319962
 outer loop
  vertex 3.4650006 1.178501 -6.0015574
  vertex 3.6109338 0.56294465 -2.9790206
  vertex 3.0221696 -0.57962227 -2.4932895
 endloop
endfacet
facet normal 0.8536555 -0.5007655 -0.14319955
 outer loop
  vertex 3.0221696 -0.57962227 -2.4932895
  vertex 2.2769117 -1.6071808 -3.3426468
  vertex 3.4650006 1.178501 -6.0015574
 endloop
endfacet
facet normal 0.85365623 -0.5007646 -0.14319831
 outer loop
  vertex 2.2769117 -1.6071808 -3.3426468
  vertex 2.1371548 -1.7427621 -3.70166
  vertex 3.4650006 1.178501 -6.0015574
 endloop
endfacet
facet normal 0.8536554 -0.5007657 -0.14319964
 outer loop
  vertex 3.4650006 1.178501 -6.0015574
  vertex 3.881202 0.9001408 -2.5470388
  vertex 3.6109338 0.56294465 -2.9790206
 endloop
endfacet
facet normal 0.8536531 -0.50077116 -0.1431946
 outer loop
  vertex 2.2769117 -1.6071808 -3.3426468
  vertex 2.2529228 -1.6549339 -3.3186576
  vertex 2.1371548 -1.7427621 -3.70166
 endloop
endfacet
facet normal 0.810887 -0.50076574 -0.30281344
 outer loop
  vertex 2.5727909 -1.904617 -3.1185336
  vertex 2.0353389 -3.1688454 -2.467078
  vertex 1.8590169 -2.9991233 -3.2199118
 endloop
endfacet
facet normal 0.810887 -0.50076574 -0.30281344
 outer loop
  vertex 1.8590169 -2.9991233 -3.2199118
  vertex 2.2443757 -1.9715 -3.8873727
  vertex 2.5727909 -1.904617 -3.1185336
 endloop
endfacet
facet normal -0.35394502 0.61688846 -0.7029733
 outer loop
  vertex 2.5200012 -3.9245005 -4.364769
  vertex 0.19287273 -4.126945 -3.3707201
  vertex 0.18947922 -4.061309 -3.311413
 endloop
endfacet
facet normal -0.35394543 0.61688703 -0.70297444
 outer loop
  vertex 0.18947922 -4.061309 -3.311413
  vertex 1.1188827 -3.1688454 -2.996194
  vertex 2.5200012 -3.9245005 -4.364769
 endloop
endfacet
facet normal -0.35394567 0.6168868 -0.70297456
 outer loop
  vertex 1.1188827 -3.1688454 -2.996194
  vertex 1.8590169 -2.9991233 -3.2199118
  vertex 2.5200012 -3.9245005 -4.364769
 endloop
endfacet
facet normal 0.43182105 0.6168868 -0.6580131
 outer loop
  vertex 5.2791853e-07 -4.428501 -3.7800012
  vertex 4.909453e-07 -4.118347 -3.489232
  vertex 0.19287273 -4.126945 -3.3707201
 endloop
endfacet
facet normal 0.4318205 0.6168883 -0.6580121
 outer loop
  vertex 4.909453e-07 -4.118347 -3.489232
  vertex 0.18947922 -4.061309 -3.311413
  vertex 0.19287273 -4.126945 -3.3707201
 endloop
endfacet
facet normal 0.4318211 0.6168868 -0.65801305
 outer loop
  vertex 0.19287273 -4.126945 -3.3707201
  vertex 0.56323 -4.372178 -3.357579
  vertex 5.2791853e-07 -4.428501 -3.7800012
 endloop
endfacet
facet normal -0.55084234 -0.50076574 -0.6676874
 outer loop
  vertex -0.5632289 -4.372178 -3.357579
  vertex 5.2791853e-07 -4.428501 -3.7800012
  vertex 6.707353e-07 -5.6265345 -2.881476
 endloop
endfacet
facet normal -0.55084234 -0.50076574 -0.6676873
 outer loop
  vertex 6.707353e-07 -5.6265345 -2.881476
  vertex -0.4100645 -5.758068 -2.4445217
  vertex -0.5632289 -4.372178 -3.357579
 endloop
endfacet
facet normal 0.3028131 -0.50076574 -0.8108871
 outer loop
  vertex -2.5200002 -3.924501 -4.364769
  vertex -0.5632289 -4.372178 -3.357579
  vertex -0.4100645 -5.758068 -2.4445217
 endloop
endfacet
facet normal 0.30281344 -0.5007654 -0.81088716
 outer loop
  vertex -0.4100645 -5.758068 -2.4445217
  vertex -1.1559997 -6.4497275 -2.2959437
  vertex -2.5200002 -3.924501 -4.364769
 endloop
endfacet
facet normal 0.30281237 -0.50076735 -0.8108864
 outer loop
  vertex -2.5200002 -3.924501 -4.364769
  vertex -0.19287175 -4.126945 -3.3707201
  vertex -0.5632289 -4.372178 -3.357579
 endloop
endfacet
facet normal 0.30281258 -0.50076586 -0.8108872
 outer loop
  vertex -1.1559997 -6.4497275 -2.2959437
  vertex -1.3520766 -6.4939322 -2.3418667
  vertex -2.5200002 -3.924501 -4.364769
 endloop
endfacet
facet normal -0.43182117 0.6168867 -0.65801316
 outer loop
  vertex 5.2791853e-07 -4.428501 -3.7800012
  vertex -0.5632289 -4.372178 -3.357579
  vertex -0.19287175 -4.126945 -3.3707201
 endloop
endfacet
facet normal -0.43182108 0.6168868 -0.65801316
 outer loop
  vertex -0.19287175 -4.126945 -3.3707201
  vertex 4.909453e-07 -4.118347 -3.489232
  vertex 5.2791853e-07 -4.428501 -3.7800012
 endloop
endfacet
facet normal -0.43182057 0.61688817 -0.65801215
 outer loop
  vertex -0.19287175 -4.126945 -3.3707201
  vertex -0.18947826 -4.061309 -3.311413
  vertex 4.909453e-07 -4.118347 -3.489232
 endloop
endfacet
facet normal -0.14319943 -0.5007657 -0.8536555
 outer loop
  vertex 1.4143345 -1.9046171 -3.787369
  vertex 2.2443757 -1.9715 -3.8873727
  vertex 1.8590169 -2.9991233 -3.2199118
 endloop
endfacet
facet normal -0.14319968 -0.5007658 -0.85365534
 outer loop
  vertex 1.8590169 -2.9991233 -3.2199118
  vertex 1.1188827 -3.1688454 -2.996194
  vertex 1.4143345 -1.9046171 -3.787369
 endloop
endfacet
facet normal -0.044960115 0.61688346 -0.78576934
 outer loop
  vertex 1.4143345 -1.9046171 -3.787369
  vertex 1.7475806 -1.6549339 -3.610418
  vertex 2.1371548 -1.7427621 -3.70166
 endloop
endfacet
facet normal -0.044961754 0.6168886 -0.7857652
 outer loop
  vertex 2.1371548 -1.7427621 -3.70166
  vertex 2.2443757 -1.9715 -3.8873727
  vertex 1.4143345 -1.9046171 -3.787369
 endloop
endfacet
facet normal 0.70297414 0.6168877 -0.35394493
 outer loop
  vertex 2.5727909 -1.904617 -3.1185336
  vertex 2.2443757 -1.9715 -3.8873727
  vertex 2.1371548 -1.7427621 -3.70166
 endloop
endfacet
facet normal 0.7029746 0.6168867 -0.35394555
 outer loop
  vertex 2.1371548 -1.7427621 -3.70166
  vertex 2.2529228 -1.6549339 -3.3186576
  vertex 2.5727909 -1.904617 -3.1185336
 endloop
endfacet
facet normal 0.66768736 -0.5007657 -0.55084234
 outer loop
  vertex 1.6367441e-07 -1.373 -5.985001
  vertex 1.4143345 -1.9046171 -3.787369
  vertex 1.1188827 -3.1688454 -2.996194
 endloop
endfacet
facet normal 0.6676875 -0.5007656 -0.5508423
 outer loop
  vertex 1.1188827 -3.1688454 -2.996194
  vertex 0.18947922 -4.061309 -3.311413
  vertex 1.6367441e-07 -1.373 -5.985001
 endloop
endfacet
facet normal 0.6676893 -0.5007712 -0.5508349
 outer loop
  vertex 1.7563617 -1.607181 -3.643187
  vertex 1.7475806 -1.6549339 -3.610418
  vertex 1.4143345 -1.9046171 -3.787369
 endloop
endfacet
facet normal 0.6676875 -0.5007654 -0.55084234
 outer loop
  vertex 1.4143345 -1.9046171 -3.787369
  vertex 1.6367441e-07 -1.373 -5.985001
  vertex 1.7563617 -1.607181 -3.643187
 endloop
endfacet
facet normal 0.66768897 -0.50076467 -0.55084145
 outer loop
  vertex 0.18947922 -4.061309 -3.311413
  vertex 4.909453e-07 -4.118347 -3.489232
  vertex 1.6367441e-07 -1.373 -5.985001
 endloop
endfacet
facet normal -0.8536553 -0.50076604 0.14319903
 outer loop
  vertex -3.1893632 -4.3721786 -1.1910186
  vertex -3.2735763 -4.4285016 -1.8900007
  vertex -2.4954307 -5.6265345 -1.4407386
 endloop
endfacet
facet normal -0.85365534 -0.5007661 0.14319912
 outer loop
  vertex -2.4954307 -5.6265345 -1.4407386
  vertex -2.3220499 -5.7580686 -0.867134
  vertex -3.1893632 -4.3721786 -1.1910186
 endloop
endfacet
facet normal -0.55084217 -0.50076586 -0.66768736
 outer loop
  vertex -5.040001 -3.9245017 -1.7154541e-07
  vertex -3.1893632 -4.3721786 -1.1910186
  vertex -2.3220499 -5.7580686 -0.867134
 endloop
endfacet
facet normal -0.55084205 -0.50076556 -0.6676877
 outer loop
  vertex -2.3220499 -5.7580686 -0.867134
  vertex -2.566345 -6.449728 -0.14684631
  vertex -5.040001 -3.9245017 -1.7154541e-07
 endloop
endfacet
facet normal -0.5508422 -0.5007656 -0.6676875
 outer loop
  vertex -5.040001 -3.9245017 -1.7154541e-07
  vertex -3.0155642 -4.1269455 -1.5183276
  vertex -3.1893632 -4.3721786 -1.1910186
 endloop
endfacet
facet normal -0.5508422 -0.50076574 -0.6676874
 outer loop
  vertex -2.566345 -6.449728 -0.14684631
  vertex -2.704154 -6.4939327 -2.838588e-07
  vertex -5.040001 -3.9245017 -1.7154541e-07
 endloop
endfacet
facet normal -0.43182546 0.6168785 0.658018
 outer loop
  vertex -5.040001 -3.9245017 -1.7154541e-07
  vertex -3.0155642 -4.1269455 1.5183271
  vertex -2.9625072 -4.0613093 1.4916133
 endloop
endfacet
facet normal -0.43182105 0.6168874 0.65801257
 outer loop
  vertex -2.9625072 -4.0613093 1.4916133
  vertex -3.1542203 -3.1688461 0.52911633
  vertex -5.040001 -3.9245017 -1.7154541e-07
 endloop
endfacet
facet normal -0.43182096 0.616887 0.65801305
 outer loop
  vertex -3.1542203 -3.1688461 0.52911633
  vertex -3.7180336 -2.9991243 -1.3109587e-07
  vertex -5.040001 -3.9245017 -1.7154541e-07
 endloop
endfacet
facet normal -0.8108869 -0.50076604 -0.30281305
 outer loop
  vertex -5.183163 -1.373001 2.9925005
  vertex -3.9871247 -1.9046179 0.66883487
  vertex -3.1542203 -3.1688461 0.52911633
 endloop
endfacet
facet normal -0.8108871 -0.5007655 -0.30281356
 outer loop
  vertex -3.1542203 -3.1688461 0.52911633
  vertex -2.9625072 -4.0613093 1.4916133
  vertex -5.183163 -1.373001 2.9925005
 endloop
endfacet
facet normal -0.8108844 -0.50076854 -0.30281568
 outer loop
  vertex -4.033273 -1.6071818 0.30053982
  vertex -4.000504 -1.6549348 0.2917594
  vertex -3.9871247 -1.9046179 0.66883487
 endloop
endfacet
facet normal -0.810887 -0.5007659 -0.3028131
 outer loop
  vertex -3.9871247 -1.9046179 0.66883487
  vertex -5.183163 -1.373001 2.9925005
  vertex -4.033273 -1.6071818 0.30053982
 endloop
endfacet
facet normal -0.8108871 -0.50076634 -0.30281222
 outer loop
  vertex -2.9625072 -4.0613093 1.4916133
  vertex -3.0217624 -4.1183476 1.7446152
  vertex -5.183163 -1.373001 2.9925005
 endloop
endfacet
facet normal -0.5508421 -0.5007656 0.6676876
 outer loop
  vertex -6.9300017 1.1784995 5.1513847e-08
  vertex -4.033273 -1.6071818 0.30053982
  vertex -3.6703377 -0.5796232 1.3706303
 endloop
endfacet
facet normal -0.5508417 -0.50076514 0.66768825
 outer loop
  vertex -6.9300017 1.1784995 5.1513847e-08
  vertex -4.274309 -1.7427629 -7.617859e-08
  vertex -4.033273 -1.6071818 0.30053982
 endloop
endfacet
facet normal -0.5508397 -0.5007679 0.66768783
 outer loop
  vertex -4.274309 -1.7427629 -7.617859e-08
  vertex -4.000504 -1.6549348 0.2917594
  vertex -4.033273 -1.6071818 0.30053982
 endloop
endfacet
facet normal -0.5508421 -0.5007656 0.66768765
 outer loop
  vertex -3.6703377 -0.5796232 1.3706303
  vertex -4.385374 0.5629435 1.6376503
  vertex -6.9300017 1.1784995 5.1513847e-08
 endloop
endfacet
facet normal -0.550842 -0.5007663 0.66768724
 outer loop
  vertex -4.385374 0.5629435 1.6376503
  vertex -4.146401 0.90013963 2.0877006
  vertex -6.9300017 1.1784995 5.1513847e-08
 endloop
endfacet
facet normal -0.43182108 0.61688703 -0.6580129
 outer loop
  vertex -4.146401 0.9001398 -2.0877006
  vertex -6.9300017 1.1784995 5.1513847e-08
  vertex -5.0442877 2.4984999 1.0921291e-07
 endloop
endfacet
facet normal -0.4318212 0.616887 -0.65801287
 outer loop
  vertex -5.0442877 2.4984999 1.0921291e-07
  vertex -2.8543417 2.4985003 -1.4371523
  vertex -4.146401 0.9001398 -2.0877006
 endloop
endfacet
facet normal -0.66768765 -0.5007657 0.5508421
 outer loop
  vertex -3.9871247 -1.9046179 0.66883487
  vertex -4.488751 -1.971501 -8.6177046e-08
  vertex -3.7180336 -2.9991243 -1.3109587e-07
 endloop
endfacet
facet normal -0.6676871 -0.5007659 0.5508426
 outer loop
  vertex -3.7180336 -2.9991243 -1.3109587e-07
  vertex -3.1542203 -3.1688461 0.52911633
  vertex -3.9871247 -1.9046179 0.66883487
 endloop
endfacet
facet normal -0.43182105 0.61688733 -0.65801257
 outer loop
  vertex -5.040001 -3.9245017 -1.7154541e-07
  vertex -3.1542203 -3.168846 -0.5291166
  vertex -2.9625072 -4.0613093 -1.4916135
 endloop
endfacet
facet normal -0.43182102 0.61688703 -0.65801287
 outer loop
  vertex -5.040001 -3.9245017 -1.7154541e-07
  vertex -3.7180336 -2.9991243 -1.3109587e-07
  vertex -3.1542203 -3.168846 -0.5291166
 endloop
endfacet
facet normal -0.43182477 0.61688 -0.6580171
 outer loop
  vertex -2.9625072 -4.0613093 -1.4916135
  vertex -3.0155642 -4.1269455 -1.5183276
  vertex -5.040001 -3.9245017 -1.7154541e-07
 endloop
endfacet
facet normal -0.7857657 0.616888 0.044960637
 outer loop
  vertex -3.2735763 -4.4285016 -1.8900007
  vertex -3.1893632 -4.3721786 -1.1910186
  vertex -3.0155642 -4.1269455 -1.5183276
 endloop
endfacet
facet normal -0.78576607 0.6168875 0.044961344
 outer loop
  vertex -3.0155642 -4.1269455 -1.5183276
  vertex -3.0217624 -4.1183476 -1.7446157
  vertex -3.2735763 -4.4285016 -1.8900007
 endloop
endfacet
facet normal -0.7857724 0.6168794 0.044961207
 outer loop
  vertex -3.0155642 -4.1269455 -1.5183276
  vertex -2.9625072 -4.0613093 -1.4916135
  vertex -3.0217624 -4.1183476 -1.7446157
 endloop
endfacet
facet normal -0.30281183 -0.50076556 -0.81088775
 outer loop
  vertex -2.6261332 -4.372178 -2.1665606
  vertex -1.9119838 -5.758068 -1.5773877
  vertex -2.4954307 -5.6265345 -1.4407386
 endloop
endfacet
facet normal -0.3028129 -0.5007655 -0.8108874
 outer loop
  vertex -2.4954307 -5.6265345 -1.4407386
  vertex -3.2735763 -4.4285016 -1.8900007
  vertex -2.6261332 -4.372178 -2.1665606
 endloop
endfacet
facet normal -0.8536559 -0.5007652 -0.14319889
 outer loop
  vertex -2.5200002 -3.924501 -4.364769
  vertex -1.4103446 -6.4497275 -2.149098
  vertex -1.9119838 -5.758068 -1.5773877
 endloop
endfacet
facet normal -0.8536551 -0.50076604 -0.14320013
 outer loop
  vertex -2.5200002 -3.924501 -4.364769
  vertex -1.3520766 -6.4939322 -2.3418667
  vertex -1.4103446 -6.4497275 -2.149098
 endloop
endfacet
facet normal -0.8536552 -0.500766 -0.14319956
 outer loop
  vertex -1.9119838 -5.758068 -1.5773877
  vertex -2.6261332 -4.372178 -2.1665606
  vertex -2.5200002 -3.924501 -4.364769
 endloop
endfacet
facet normal -0.8536544 -0.50076735 -0.14319979
 outer loop
  vertex -2.6261332 -4.372178 -2.1665606
  vertex -2.8226922 -4.1269455 -1.8523917
  vertex -2.5200002 -3.924501 -4.364769
 endloop
endfacet
facet normal 0.35394529 0.6168871 -0.7029744
 outer loop
  vertex -2.5200002 -3.924501 -4.364769
  vertex -1.118882 -3.1688457 -2.996194
  vertex -0.18947826 -4.061309 -3.311413
 endloop
endfacet
facet normal 0.3539455 0.6168869 -0.70297456
 outer loop
  vertex -2.5200002 -3.924501 -4.364769
  vertex -1.8590162 -2.9991238 -3.2199118
  vertex -1.118882 -3.1688457 -2.996194
 endloop
endfacet
facet normal 0.3539449 0.6168886 -0.70297325
 outer loop
  vertex -0.18947826 -4.061309 -3.311413
  vertex -0.19287175 -4.126945 -3.3707201
  vertex -2.5200002 -3.924501 -4.364769
 endloop
endfacet
facet normal -0.3539448 0.6168876 -0.7029742
 outer loop
  vertex -3.2735763 -4.4285016 -1.8900007
  vertex -3.0217624 -4.1183476 -1.7446157
  vertex -2.8226922 -4.1269455 -1.8523917
 endloop
endfacet
facet normal -0.35394868 0.61687815 -0.7029806
 outer loop
  vertex -3.0217624 -4.1183476 -1.7446157
  vertex -2.7730281 -4.0613093 -1.8198005
  vertex -2.8226922 -4.1269455 -1.8523917
 endloop
endfacet
facet normal -0.3539455 0.6168885 -0.70297307
 outer loop
  vertex -2.8226922 -4.1269455 -1.8523917
  vertex -2.6261332 -4.372178 -2.1665606
  vertex -3.2735763 -4.4285016 -1.8900007
 endloop
endfacet
facet normal -0.78576946 0.6168831 -0.044961978
 outer loop
  vertex -2.5200002 -3.924501 -4.364769
  vertex -2.8226922 -4.1269455 -1.8523917
  vertex -2.7730281 -4.0613093 -1.8198005
 endloop
endfacet
facet normal -0.7857661 0.6168874 -0.04496142
 outer loop
  vertex -2.7730281 -4.0613093 -1.8198005
  vertex -2.035338 -3.168846 -2.467078
  vertex -2.5200002 -3.924501 -4.364769
 endloop
endfacet
facet normal -0.78576636 0.61688715 -0.04496123
 outer loop
  vertex -2.035338 -3.168846 -2.467078
  vertex -1.8590162 -2.9991238 -3.2199118
  vertex -2.5200002 -3.924501 -4.364769
 endloop
endfacet
facet normal -0.6580151 0.61688423 0.4318218
 outer loop
  vertex -3.9871247 -1.9046179 0.66883487
  vertex -4.000504 -1.6549348 0.2917594
  vertex -4.274309 -1.7427629 -7.617859e-08
 endloop
endfacet
facet normal -0.658013 0.6168867 0.4318215
 outer loop
  vertex -4.274309 -1.7427629 -7.617859e-08
  vertex -4.488751 -1.971501 -8.6177046e-08
  vertex -3.9871247 -1.9046179 0.66883487
 endloop
endfacet
facet normal -0.66768694 -0.50076586 -0.5508427
 outer loop
  vertex -3.9871247 -1.9046179 -0.668835
  vertex -3.1542203 -3.168846 -0.5291166
  vertex -3.7180336 -2.9991243 -1.3109587e-07
 endloop
endfacet
facet normal -0.66768765 -0.5007657 -0.5508421
 outer loop
  vertex -3.7180336 -2.9991243 -1.3109587e-07
  vertex -4.488751 -1.971501 -8.6177046e-08
  vertex -3.9871247 -1.9046179 -0.668835
 endloop
endfacet
facet normal -0.658013 0.6168867 -0.4318215
 outer loop
  vertex -3.9871247 -1.9046179 -0.668835
  vertex -4.488751 -1.971501 -8.6177046e-08
  vertex -4.274309 -1.7427629 -7.617859e-08
 endloop
endfacet
facet normal -0.65801495 0.61688423 -0.4318218
 outer loop
  vertex -4.274309 -1.7427629 -7.617859e-08
  vertex -4.000504 -1.6549348 -0.29175952
  vertex -3.9871247 -1.9046179 -0.668835
 endloop
endfacet
facet normal -0.81088704 -0.5007654 0.3028136
 outer loop
  vertex -5.183163 -1.3730007 -2.9925005
  vertex -2.9625072 -4.0613093 -1.4916135
  vertex -3.1542203 -3.168846 -0.5291166
 endloop
endfacet
facet normal -0.8108871 -0.50076574 0.30281314
 outer loop
  vertex -4.033273 -1.6071818 -0.30053994
  vertex -5.183163 -1.3730007 -2.9925005
  vertex -3.9871247 -1.9046179 -0.668835
 endloop
endfacet
facet normal -0.8108871 -0.5007664 0.30281195
 outer loop
  vertex -5.183163 -1.3730007 -2.9925005
  vertex -3.0217624 -4.1183476 -1.7446157
  vertex -2.9625072 -4.0613093 -1.4916135
 endloop
endfacet
facet normal -0.81088686 -0.5007662 0.30281293
 outer loop
  vertex -3.1542203 -3.168846 -0.5291166
  vertex -3.9871247 -1.9046179 -0.668835
  vertex -5.183163 -1.3730007 -2.9925005
 endloop
endfacet
facet normal -0.8108844 -0.50076854 0.30281568
 outer loop
  vertex -3.9871247 -1.9046179 -0.668835
  vertex -4.000504 -1.6549348 -0.29175952
  vertex -4.033273 -1.6071818 -0.30053994
 endloop
endfacet
facet normal -0.5508421 -0.5007656 -0.66768765
 outer loop
  vertex -6.9300017 1.1784995 5.1513847e-08
  vertex -4.385374 0.56294364 -1.6376503
  vertex -3.6703377 -0.5796231 -1.3706303
 endloop
endfacet
facet normal -0.5508421 -0.5007655 -0.6676877
 outer loop
  vertex -3.6703377 -0.5796231 -1.3706303
  vertex -4.033273 -1.6071818 -0.30053994
  vertex -6.9300017 1.1784995 5.1513847e-08
 endloop
endfacet
facet normal -0.55084175 -0.5007651 -0.66768837
 outer loop
  vertex -4.033273 -1.6071818 -0.30053994
  vertex -4.274309 -1.7427629 -7.617859e-08
  vertex -6.9300017 1.1784995 5.1513847e-08
 endloop
endfacet
facet normal -0.550842 -0.5007662 -0.6676873
 outer loop
  vertex -6.9300017 1.1784995 5.1513847e-08
  vertex -4.146401 0.9001398 -2.0877006
  vertex -4.385374 0.56294364 -1.6376503
 endloop
endfacet
facet normal -0.55083966 -0.5007679 -0.66768795
 outer loop
  vertex -4.033273 -1.6071818 -0.30053994
  vertex -4.000504 -1.6549348 -0.29175952
  vertex -4.274309 -1.7427629 -7.617859e-08
 endloop
endfacet
facet normal -0.7857667 0.6168865 0.0449625
 outer loop
  vertex -2.8668158 2.4985003 -1.6551563
  vertex -4.501168 0.4854997 -2.5987506
  vertex -4.146401 0.9001398 -2.0877006
 endloop
endfacet
facet normal -0.78576624 0.6168873 0.0449616
 outer loop
  vertex -4.501168 0.4854997 -2.5987506
  vertex -4.385374 0.56294364 -1.6376503
  vertex -4.146401 0.9001398 -2.0877006
 endloop
endfacet
facet normal -0.78576654 0.61688685 0.044961106
 outer loop
  vertex -4.146401 0.9001398 -2.0877006
  vertex -2.8543417 2.4985003 -1.4371523
  vertex -2.8668158 2.4985003 -1.6551563
 endloop
endfacet
facet normal -0.85365564 -0.5007654 0.1431996
 outer loop
  vertex -4.385374 0.56294364 -1.6376503
  vertex -4.501168 0.4854997 -2.5987506
  vertex -3.9443917 -0.37171355 -2.2772954
 endloop
endfacet
facet normal -0.8536557 -0.5007653 0.1431994
 outer loop
  vertex -3.9443917 -0.37171355 -2.2772954
  vertex -3.6703377 -0.5796231 -1.3706303
  vertex -4.385374 0.56294364 -1.6376503
 endloop
endfacet
facet normal 0.14319986 -0.5007658 -0.85365534
 outer loop
  vertex -1.414334 -1.9046174 -3.787369
  vertex -1.118882 -3.1688457 -2.996194
  vertex -1.8590162 -2.9991238 -3.2199118
 endloop
endfacet
facet normal 0.14319958 -0.5007657 -0.8536555
 outer loop
  vertex -1.8590162 -2.9991238 -3.2199118
  vertex -2.2443752 -1.9715006 -3.8873727
  vertex -1.414334 -1.9046174 -3.787369
 endloop
endfacet
facet normal -0.8108869 -0.5007659 -0.30281338
 outer loop
  vertex -2.5727904 -1.9046175 -3.1185336
  vertex -2.2443752 -1.9715006 -3.8873727
  vertex -1.8590162 -2.9991238 -3.2199118
 endloop
endfacet
facet normal -0.810887 -0.50076604 -0.30281323
 outer loop
  vertex -1.8590162 -2.9991238 -3.2199118
  vertex -2.035338 -3.168846 -2.467078
  vertex -2.5727904 -1.9046175 -3.1185336
 endloop
endfacet
facet normal 0.044961594 0.6168884 -0.7857653
 outer loop
  vertex -1.414334 -1.9046174 -3.787369
  vertex -2.2443752 -1.9715006 -3.8873727
  vertex -2.1371543 -1.7427626 -3.70166
 endloop
endfacet
facet normal 0.044959977 0.61688334 -0.7857694
 outer loop
  vertex -2.1371543 -1.7427626 -3.70166
  vertex -1.7475802 -1.6549343 -3.610418
  vertex -1.414334 -1.9046174 -3.787369
 endloop
endfacet
facet normal -0.66768736 -0.5007658 -0.5508423
 outer loop
  vertex 1.6367441e-07 -1.373 -5.985001
  vertex -0.18947826 -4.061309 -3.311413
  vertex -1.118882 -3.1688457 -2.996194
 endloop
endfacet
facet normal -0.6676874 -0.50076556 -0.5508423
 outer loop
  vertex -1.7563612 -1.6071813 -3.643187
  vertex 1.6367441e-07 -1.373 -5.985001
  vertex -1.414334 -1.9046174 -3.787369
 endloop
endfacet
facet normal -0.66768885 -0.5007648 -0.55084145
 outer loop
  vertex 1.6367441e-07 -1.373 -5.985001
  vertex 4.909453e-07 -4.118347 -3.489232
  vertex -0.18947826 -4.061309 -3.311413
 endloop
endfacet
facet normal -0.66768724 -0.50076586 -0.55084234
 outer loop
  vertex -1.118882 -3.1688457 -2.996194
  vertex -1.414334 -1.9046174 -3.787369
  vertex 1.6367441e-07 -1.373 -5.985001
 endloop
endfacet
facet normal -0.6676893 -0.5007712 -0.5508349
 outer loop
  vertex -1.414334 -1.9046174 -3.787369
  vertex -1.7475802 -1.6549343 -3.610418
  vertex -1.7563612 -1.6071813 -3.643187
 endloop
endfacet
facet normal 0.6580127 0.6168874 -0.431821
 outer loop
  vertex 1.6367441e-07 -1.373 -5.985001
  vertex 4.431167e-08 -0.37171298 -4.5545907
  vertex 0.6481677 -0.5796225 -3.8639207
 endloop
endfacet
facet normal 0.65801245 0.6168875 -0.43182096
 outer loop
  vertex 0.6481677 -0.5796225 -3.8639207
  vertex 1.7563617 -1.607181 -3.643187
  vertex 1.6367441e-07 -1.373 -5.985001
 endloop
endfacet
facet normal -0.30281326 -0.5007656 -0.8108871
 outer loop
  vertex 3.4650006 1.178501 -6.0015574
  vertex 1.7563617 -1.607181 -3.643187
  vertex 0.6481677 -0.5796225 -3.8639207
 endloop
endfacet
facet normal -0.3028134 -0.5007655 -0.81088716
 outer loop
  vertex 3.4650006 1.178501 -6.0015574
  vertex 2.1371548 -1.7427621 -3.70166
  vertex 1.7563617 -1.607181 -3.643187
 endloop
endfacet
facet normal -0.30281293 -0.50076354 -0.81088847
 outer loop
  vertex 2.1371548 -1.7427621 -3.70166
  vertex 1.7475806 -1.6549339 -3.610418
  vertex 1.7563617 -1.607181 -3.643187
 endloop
endfacet
facet normal -0.302813 -0.50076586 -0.81088704
 outer loop
  vertex 0.6481677 -0.5796225 -3.8639207
  vertex 0.7744404 0.5629444 -4.616671
  vertex 3.4650006 1.178501 -6.0015574
 endloop
endfacet
facet normal -0.30281305 -0.50076574 -0.81088704
 outer loop
  vertex 0.7744404 0.5629444 -4.616671
  vertex 0.26519924 0.90014046 -4.6347394
  vertex 3.4650006 1.178501 -6.0015574
 endloop
endfacet
facet normal -0.3539456 0.6168872 -0.70297426
 outer loop
  vertex 0.26519924 0.90014046 -4.6347394
  vertex 0.18256025 2.4985008 -3.1905077
  vertex 2.5221434 2.498501 -4.368481
 endloop
endfacet
facet normal -0.35394546 0.616887 -0.70297456
 outer loop
  vertex 2.5221434 2.498501 -4.368481
  vertex 3.4650006 1.178501 -6.0015574
  vertex 0.26519924 0.90014046 -4.6347394
 endloop
endfacet
facet normal 0.4318201 0.6168875 -0.658013
 outer loop
  vertex -2.9784454e-07 2.4985008 -3.3103127
  vertex 0.18256025 2.4985008 -3.1905077
  vertex 0.26519924 0.90014046 -4.6347394
 endloop
endfacet
facet normal 0.43181995 0.6168875 -0.65801316
 outer loop
  vertex 0.26519924 0.90014046 -4.6347394
  vertex -5.7876132e-08 0.48550037 -5.197501
  vertex -2.9784454e-07 2.4985008 -3.3103127
 endloop
endfacet
facet normal 0.43182096 0.61688685 -0.65801316
 outer loop
  vertex 0.26519924 0.90014046 -4.6347394
  vertex 0.7744404 0.5629444 -4.616671
  vertex -5.7876132e-08 0.48550037 -5.197501
 endloop
endfacet
facet normal 0.55084187 -0.5007658 -0.6676877
 outer loop
  vertex 0.7744404 0.5629444 -4.616671
  vertex 0.6481677 -0.5796225 -3.8639207
  vertex 4.431167e-08 -0.37171298 -4.5545907
 endloop
endfacet
facet normal 0.550842 -0.5007659 -0.66768754
 outer loop
  vertex 4.431167e-08 -0.37171298 -4.5545907
  vertex -5.7876132e-08 0.48550037 -5.197501
  vertex 0.7744404 0.5629444 -4.616671
 endloop
endfacet
facet normal -0.55084187 -0.50076604 -0.66768754
 outer loop
  vertex -0.7744405 0.56294423 -4.616671
  vertex -5.7876132e-08 0.48550037 -5.197501
  vertex 4.431167e-08 -0.37171298 -4.5545907
 endloop
endfacet
facet normal -0.5508417 -0.5007659 -0.6676877
 outer loop
  vertex 4.431167e-08 -0.37171298 -4.5545907
  vertex -0.6481676 -0.5796226 -3.8639207
  vertex -0.7744405 0.56294423 -4.616671
 endloop
endfacet
facet normal -0.6580126 0.61688733 -0.431821
 outer loop
  vertex 1.6367441e-07 -1.373 -5.985001
  vertex -1.7563612 -1.6071813 -3.643187
  vertex -0.6481676 -0.5796226 -3.8639207
 endloop
endfacet
facet normal -0.6580128 0.6168872 -0.43182096
 outer loop
  vertex -0.6481676 -0.5796226 -3.8639207
  vertex 4.431167e-08 -0.37171298 -4.5545907
  vertex 1.6367441e-07 -1.373 -5.985001
 endloop
endfacet
facet normal -0.4318201 0.6168875 -0.65801316
 outer loop
  vertex -2.9784454e-07 2.4985008 -3.3103127
  vertex -5.7876132e-08 0.48550037 -5.197501
  vertex -0.26519948 0.9001404 -4.6347394
 endloop
endfacet
facet normal -0.43182108 0.61688673 -0.6580131
 outer loop
  vertex -5.7876132e-08 0.48550037 -5.197501
  vertex -0.7744405 0.56294423 -4.616671
  vertex -0.26519948 0.9001404 -4.6347394
 endloop
endfacet
facet normal -0.43182075 0.61688733 -0.6580128
 outer loop
  vertex -0.26519948 0.9001404 -4.6347394
  vertex -0.18256085 2.4985006 -3.1905077
  vertex -2.9784454e-07 2.4985008 -3.3103127
 endloop
endfacet
facet normal -1.4367026e-07 1 8.2948254e-08
 outer loop
  vertex 2.6717803 2.498501 -1.7533563
  vertex 2.8543413 2.4985008 1.4371525
  vertex 2.8543413 2.498501 -1.4371523
 endloop
endfacet
facet normal -1.6330446e-07 1 8.294826e-08
 outer loop
  vertex 2.8543413 2.4985008 1.4371525
  vertex 5.0442867 2.4985013 1.0921296e-07
  vertex 2.8543413 2.498501 -1.4371523
 endloop
endfacet
facet normal 0 1 -0
 outer loop
  vertex 2.6717803 2.4985008 1.7533566
  vertex 2.8668153 2.4985008 1.6551565
  vertex 2.8543413 2.4985008 1.4371525
 endloop
endfacet
facet normal 0 1 0
 outer loop
  vertex -2.6717808 2.4985003 -1.7533563
  vertex -2.8668158 2.4985003 -1.6551563
  vertex -2.8543417 2.4985003 -1.4371523
 endloop
endfacet
facet normal -4.461795e-08 1 8.8616076e-08
 outer loop
  vertex -0.18256085 2.4985006 -3.1905077
  vertex -2.5221438 2.4985006 -4.368481
  vertex -2.6717808 2.4985003 -1.7533563
 endloop
endfacet
facet normal -6.5298497e-07 1 9.950269e-07
 outer loop
  vertex 0.18256025 2.4985008 -3.1905077
  vertex -2.9784454e-07 2.4985008 -3.3103127
  vertex -0.18256085 2.4985006 -3.1905077
 endloop
endfacet
facet normal -1.35034e-07 1 6.79892e-08
 outer loop
  vertex 0.18256025 2.4985008 -3.1905077
  vertex 2.6717803 2.4985008 1.7533566
  vertex 2.6717803 2.498501 -1.7533563
 endloop
endfacet
facet normal 1.17760464e-07 1 6.798919e-08
 outer loop
  vertex 2.8543413 2.4985008 1.4371525
  vertex 2.6717803 2.498501 -1.7533563
  vertex 2.6717803 2.4985008 1.7533566
 endloop
endfacet
facet normal -4.461794e-08 1 8.861607e-08
 outer loop
  vertex 0.18256025 2.4985006 3.1905077
  vertex 2.5221434 2.4985006 4.368481
  vertex 2.6717803 2.4985008 1.7533566
 endloop
endfacet
facet normal -6.5298497e-07 1 9.950269e-07
 outer loop
  vertex -0.18256085 2.4985003 3.1905077
  vertex -2.9784454e-07 2.4985003 3.3103127
  vertex 0.18256025 2.4985006 3.1905077
 endloop
endfacet
facet normal -1.3448161e-07 1 6.7032445e-08
 outer loop
  vertex -0.18256085 2.4985003 3.1905077
  vertex 0.18256025 2.4985008 -3.1905077
  vertex -2.6717808 2.4985 1.7533566
 endloop
endfacet
facet normal -1.2529246e-07 1 7.233792e-08
 outer loop
  vertex -2.6717808 2.4985 1.7533566
  vertex 0.18256025 2.4985008 -3.1905077
  vertex -2.8543417 2.4985 1.4371525
 endloop
endfacet
facet normal 1.4367026e-07 1 8.2948254e-08
 outer loop
  vertex -2.8543417 2.4985003 -1.4371523
  vertex -2.8543417 2.4985 1.4371525
  vertex -2.6717808 2.4985003 -1.7533563
 endloop
endfacet
facet normal -6.5298457e-07 1 -2.7396027e-07
 outer loop
  vertex -0.18256085 2.4985006 -3.1905077
  vertex -2.8543417 2.4985 1.4371525
  vertex 0.18256025 2.4985008 -3.1905077
 endloop
endfacet
facet normal 0 1 -0
 outer loop
  vertex 2.8543413 2.498501 -1.4371523
  vertex 2.8668153 2.498501 -1.6551563
  vertex 2.6717803 2.498501 -1.7533563
 endloop
endfacet
facet normal -6.5298497e-07 1 3.7363737e-08
 outer loop
  vertex 0.18256025 2.4985006 3.1905077
  vertex 0.18256025 2.4985008 -3.1905077
  vertex -0.18256085 2.4985003 3.1905077
 endloop
endfacet
facet normal 0 1 0
 outer loop
  vertex -2.8543417 2.4985 1.4371525
  vertex -2.8668158 2.4985 1.6551565
  vertex -2.6717808 2.4985 1.7533566
 endloop
endfacet
facet normal -5.4434846e-08 1 7.161268e-08
 outer loop
  vertex -2.6717808 2.4985003 -1.7533563
  vertex -2.8543417 2.4985 1.4371525
  vertex -0.18256085 2.4985006 -3.1905077
 endloop
endfacet
facet normal -7.420848e-08 1 3.7363737e-08
 outer loop
  vertex 2.6717803 2.4985008 1.7533566
  vertex 0.18256025 2.4985008 -3.1905077
  vertex 0.18256025 2.4985006 3.1905077
 endloop
endfacet
facet normal -1.6330443e-07 1 8.294826e-08
 outer loop
  vertex -2.8543417 2.4985003 -1.4371523
  vertex -5.0442877 2.4984999 1.0921291e-07
  vertex -2.8543417 2.4985 1.4371525
 endloop
endfacet
facet normal -9.9052734e-08 1 5.6677805e-09
 outer loop
  vertex -2.6717808 2.4985 1.7533566
  vertex -2.5221438 2.4985 4.368481
  vertex -0.18256085 2.4985003 3.1905077
 endloop
endfacet
facet normal -9.905272e-08 1 5.6677796e-09
 outer loop
  vertex 2.6717803 2.498501 -1.7533563
  vertex 2.5221434 2.498501 -4.368481
  vertex 0.18256025 2.4985008 -3.1905077
 endloop
endfacet
facet normal 0.35394529 0.616887 -0.7029745
 outer loop
  vertex -0.26519948 0.9001404 -4.6347394
  vertex -3.465001 1.1785002 -6.0015574
  vertex -2.5221438 2.4985006 -4.368481
 endloop
endfacet
facet normal 0.35394555 0.6168873 -0.7029742
 outer loop
  vertex -2.5221438 2.4985006 -4.368481
  vertex -0.18256085 2.4985006 -3.1905077
  vertex -0.26519948 0.9001404 -4.6347394
 endloop
endfacet
facet normal 0.30281308 -0.5007658 -0.8108871
 outer loop
  vertex -3.465001 1.1785002 -6.0015574
  vertex -0.7744405 0.56294423 -4.616671
  vertex -0.6481676 -0.5796226 -3.8639207
 endloop
endfacet
facet normal 0.30281338 -0.5007655 -0.8108871
 outer loop
  vertex -0.6481676 -0.5796226 -3.8639207
  vertex -1.7563612 -1.6071813 -3.643187
  vertex -3.465001 1.1785002 -6.0015574
 endloop
endfacet
facet normal 0.3028135 -0.5007654 -0.81088716
 outer loop
  vertex -1.7563612 -1.6071813 -3.643187
  vertex -2.1371543 -1.7427626 -3.70166
  vertex -3.465001 1.1785002 -6.0015574
 endloop
endfacet
facet normal 0.30281317 -0.5007656 -0.81088716
 outer loop
  vertex -3.465001 1.1785002 -6.0015574
  vertex -0.26519948 0.9001404 -4.6347394
  vertex -0.7744405 0.56294423 -4.616671
 endloop
endfacet
facet normal 0.30281308 -0.50076354 -0.81088847
 outer loop
  vertex -1.7563612 -1.6071813 -3.643187
  vertex -1.7475802 -1.6549343 -3.610418
  vertex -2.1371543 -1.7427626 -3.70166
 endloop
endfacet
facet normal -0.35394692 0.6168874 -0.7029733
 outer loop
  vertex -2.8668158 2.4985003 -1.6551563
  vertex -2.6717808 2.4985003 -1.7533563
  vertex -3.881202 0.90013987 -2.5470388
 endloop
endfacet
facet normal -0.3539455 0.6168871 -0.7029744
 outer loop
  vertex -3.881202 0.90013987 -2.5470388
  vertex -4.501168 0.4854997 -2.5987506
  vertex -2.8668158 2.4985003 -1.6551563
 endloop
endfacet
facet normal -0.35394552 0.6168871 -0.7029743
 outer loop
  vertex -3.881202 0.90013987 -2.5470388
  vertex -3.6109338 0.5629438 -2.9790206
  vertex -4.501168 0.4854997 -2.5987506
 endloop
endfacet
facet normal -0.7029748 0.6168866 -0.35394558
 outer loop
  vertex -2.5727904 -1.9046175 -3.1185336
  vertex -2.2529223 -1.6549344 -3.3186576
  vertex -2.1371543 -1.7427626 -3.70166
 endloop
endfacet
facet normal -0.70297426 0.61688745 -0.35394496
 outer loop
  vertex -2.1371543 -1.7427626 -3.70166
  vertex -2.2443752 -1.9715006 -3.8873727
  vertex -2.5727904 -1.9046175 -3.1185336
 endloop
endfacet
facet normal -0.78576654 0.616887 -0.04496137
 outer loop
  vertex -3.881202 0.90013987 -2.5470388
  vertex -2.6717808 2.4985003 -1.7533563
  vertex -2.5221438 2.4985006 -4.368481
 endloop
endfacet
facet normal -0.7857665 0.6168869 -0.044961363
 outer loop
  vertex -2.5221438 2.4985006 -4.368481
  vertex -3.465001 1.1785002 -6.0015574
  vertex -3.881202 0.90013987 -2.5470388
 endloop
endfacet
facet normal -0.1431995 -0.5007653 -0.8536557
 outer loop
  vertex -5.183163 -1.3730007 -2.9925005
  vertex -2.5727904 -1.9046175 -3.1185336
  vertex -2.035338 -3.168846 -2.467078
 endloop
endfacet
facet normal -0.1431997 -0.5007656 -0.85365546
 outer loop
  vertex -2.035338 -3.168846 -2.467078
  vertex -2.7730281 -4.0613093 -1.8198005
  vertex -5.183163 -1.3730007 -2.9925005
 endloop
endfacet
facet normal -0.14318955 -0.5007733 -0.8536527
 outer loop
  vertex -2.2769113 -1.6071814 -3.3426468
  vertex -2.2529223 -1.6549344 -3.3186576
  vertex -2.5727904 -1.9046175 -3.1185336
 endloop
endfacet
facet normal -0.14319955 -0.50076556 -0.8536556
 outer loop
  vertex -2.5727904 -1.9046175 -3.1185336
  vertex -5.183163 -1.3730007 -2.9925005
  vertex -2.2769113 -1.6071814 -3.3426468
 endloop
endfacet
facet normal -0.14320107 -0.50076646 -0.8536548
 outer loop
  vertex -2.7730281 -4.0613093 -1.8198005
  vertex -3.0217624 -4.1183476 -1.7446157
  vertex -5.183163 -1.3730007 -2.9925005
 endloop
endfacet
facet normal -0.85365534 -0.5007658 -0.14319958
 outer loop
  vertex -3.465001 1.1785002 -6.0015574
  vertex -2.2769113 -1.6071814 -3.3426468
  vertex -3.0221696 -0.579623 -2.4932895
 endloop
endfacet
facet normal -0.8536561 -0.5007649 -0.1431983
 outer loop
  vertex -3.465001 1.1785002 -6.0015574
  vertex -2.1371543 -1.7427626 -3.70166
  vertex -2.2769113 -1.6071814 -3.3426468
 endloop
endfacet
facet normal -0.85365266 -0.50077206 -0.14319427
 outer loop
  vertex -2.1371543 -1.7427626 -3.70166
  vertex -2.2529223 -1.6549344 -3.3186576
  vertex -2.2769113 -1.6071814 -3.3426468
 endloop
endfacet
facet normal -0.8536555 -0.5007656 -0.14319949
 outer loop
  vertex -3.0221696 -0.579623 -2.4932895
  vertex -3.6109338 0.5629438 -2.9790206
  vertex -3.465001 1.1785002 -6.0015574
 endloop
endfacet
facet normal -0.85365534 -0.5007659 -0.14319953
 outer loop
  vertex -3.6109338 0.5629438 -2.9790206
  vertex -3.881202 0.90013987 -2.5470388
  vertex -3.465001 1.1785002 -6.0015574
 endloop
endfacet
facet normal -0.044961303 0.616887 -0.7857665
 outer loop
  vertex -5.183163 -1.3730007 -2.9925005
  vertex -3.9443917 -0.37171355 -2.2772954
  vertex -3.0221696 -0.579623 -2.4932895
 endloop
endfacet
facet normal -0.044961642 0.61688757 -0.78576595
 outer loop
  vertex -3.0221696 -0.579623 -2.4932895
  vertex -2.2769113 -1.6071814 -3.3426468
  vertex -5.183163 -1.3730007 -2.9925005
 endloop
endfacet
facet normal -0.7029744 0.6168871 0.3539452
 outer loop
  vertex -5.183163 -1.3730007 -2.9925005
  vertex -4.033273 -1.6071818 -0.30053994
  vertex -3.6703377 -0.5796231 -1.3706303
 endloop
endfacet
facet normal -0.7029744 0.61688715 0.35394517
 outer loop
  vertex -3.6703377 -0.5796231 -1.3706303
  vertex -3.9443917 -0.37171355 -2.2772954
  vertex -5.183163 -1.3730007 -2.9925005
 endloop
endfacet
facet normal -0.3028129 -0.5007659 -0.81088704
 outer loop
  vertex -3.6109338 0.5629438 -2.9790206
  vertex -3.0221696 -0.579623 -2.4932895
  vertex -3.9443917 -0.37171355 -2.2772954
 endloop
endfacet
facet normal -0.3028133 -0.5007658 -0.81088704
 outer loop
  vertex -3.9443917 -0.37171355 -2.2772954
  vertex -4.501168 0.4854997 -2.5987506
  vertex -3.6109338 0.5629438 -2.9790206
 endloop
endfacet
endsolid 
